,index,읍면동,경도,위도
0,0,중앙동,129.03673020000002,35.09832607
1,1,중앙동,129.035251,35.10711837
2,2,중앙동,129.0414433,35.10670477
3,3,중앙동,129.0368275,35.10947558
4,4,중앙동,129.0395155,35.11123734
5,5,중앙동,129.0395155,35.11123734
6,6,중앙동,129.0348466,35.10201988
7,7,중앙동,129.0361226,35.09884506
8,8,중앙동,129.0361226,35.09884506
9,9,중앙동,129.0383324,35.11136466
10,10,중앙동,129.0383324,35.11136466
11,11,중앙동,129.03483640000002,35.10208307
12,12,중앙동,129.03483640000002,35.10208307
13,0,동광동,129.0336257,35.10870068
14,1,동광동,129.0361592,35.10000756
15,2,동광동,129.0329472,35.10709295
16,3,동광동,129.0329472,35.10709295
17,4,동광동,129.0335733,35.10194962
18,5,동광동,129.0335733,35.10194962
19,6,동광동,129.0343424,35.09944617
20,7,동광동,129.0343424,35.09944617
21,8,동광동,129.036007,35.09924267
22,9,동광동,129.03570770000002,35.09899283
23,10,동광동,129.03570770000002,35.09899283
24,0,대청동,129.02924299999998,35.10735882
25,1,대청동,129.03302040000003,35.10767824
26,2,대청동,129.028243,35.10284226
27,3,대청동,129.028243,35.10284226
28,4,대청동,129.0313747,35.101553700000004
29,5,대청동,129.0302738,35.1082064
30,6,대청동,129.0302738,35.1082064
31,7,대청동,129.0336245,35.10339143
32,8,대청동,129.0336245,35.10339143
33,9,대청동,129.03128700000002,35.10155444
34,10,대청동,129.03128700000002,35.10155444
35,0,보수동,129.02304640000003,35.10831267
36,1,보수동,129.0278407,35.10574819
37,2,보수동,129.0278407,35.10574819
38,3,보수동,129.0280964,35.10340238
39,4,보수동,129.0227675,35.10793644
40,5,보수동,129.0215493,35.10349378
41,6,보수동,129.0215493,35.10349378
42,7,보수동,129.0262515,35.10322871
43,8,보수동,129.0262515,35.10322871
44,9,보수동,129.027964,35.1033404
45,10,보수동,129.027964,35.1033404
46,11,보수동,129.0214837,35.10438672
47,12,보수동,129.0214837,35.10438672
48,13,보수동,129.0216111,35.10580986
49,14,보수동,129.0216111,35.10580986
50,15,보수동,129.0228571,35.10807991
51,16,보수동,129.0228571,35.10807991
52,0,부평동,129.0277715,35.10285527
53,1,부평동,129.02767749999998,35.09886285
54,2,부평동,129.02155990000003,35.10258327
55,3,부평동,129.02155990000003,35.10258327
56,4,부평동,129.0254771,35.09832261
57,5,부평동,129.0275563,35.09881881
58,6,부평동,129.0275563,35.09881881
59,7,부평동,129.0217635,35.10307732
60,8,부평동,129.0217635,35.10307732
61,9,부평동,129.0218587,35.10191371
62,10,부평동,129.0218587,35.10191371
63,11,부평동,129.027103,35.10290601
64,12,부평동,129.027103,35.10290601
65,13,부평동,129.0244284,35.10303681
66,14,부평동,129.0244284,35.10303681
67,0,광복동,129.03232169999998,35.10185211
68,1,광복동,129.03058470000002,35.10240773
69,2,광복동,129.03058470000002,35.10240773
70,3,광복동,129.0281098,35.09922876
71,4,광복동,129.0281098,35.09922876
72,5,광복동,129.0280789,35.10113099
73,6,광복동,129.0280789,35.10113099
74,7,광복동,129.02838229999998,35.10257967
75,8,광복동,129.02838229999998,35.10257967
76,9,광복동,129.03530700000002,35.09852752
77,10,광복동,129.0343905,35.09803957
78,11,광복동,129.0343905,35.09803957
79,12,광복동,129.0353189,35.09860855
80,13,광복동,129.0353189,35.09860855
81,0,남포동,129.0265019,35.09607846
82,1,남포동,129.0356423,35.09642439
83,2,남포동,129.0356423,35.09642439
84,3,남포동,129.0355259,35.09762425
85,4,남포동,129.0259801,35.09820118
86,5,남포동,129.0259801,35.09820118
87,6,남포동,129.0288757,35.09907804
88,7,남포동,129.031692,35.09888284
89,8,남포동,129.03125409999998,35.09894967
90,9,남포동,129.03125409999998,35.09894967
91,10,남포동,129.0343244,35.09802211
92,11,남포동,129.0343244,35.09802211
93,0,영주1동,129.0348236,35.10887975
94,1,영주1동,129.03345919999998,35.11289361
95,2,영주1동,129.03571540000002,35.11347829
96,3,영주1동,129.03596670000002,35.10905928
97,4,영주1동,129.03596670000002,35.10905928
98,5,영주1동,129.03295970000002,35.11242914
99,6,영주1동,129.03295970000002,35.11242914
100,7,영주1동,129.0374804,35.11251673
101,8,영주1동,129.0374804,35.11251673
102,9,영주1동,129.0376807,35.11187502
103,10,영주1동,129.0372764,35.11027399
104,11,영주1동,129.0375837,35.11114572
105,12,영주1동,129.0375837,35.11114572
106,13,영주1동,129.0375493,35.11102883
107,14,영주1동,129.0375493,35.11102883
108,0,영주2동,129.0330618,35.11530374
109,1,영주2동,129.02945,35.11422574
110,2,영주2동,129.0297131,35.10985171
111,3,영주2동,129.0297131,35.10985171
112,4,영주2동,129.0342214,35.10896602
113,5,영주2동,129.0342214,35.10896602
114,6,영주2동,129.02899720000002,35.11223749
115,7,영주2동,129.02899720000002,35.11223749
116,0,동대신1동,129.0220959,35.10773478
117,1,동대신1동,129.0204305,35.10789303
118,2,동대신1동,129.02570179999998,35.11187782
119,3,동대신1동,129.02570179999998,35.11187782
120,4,동대신1동,129.0190389,35.10888727
121,5,동대신1동,129.0189134,35.11026747
122,6,동대신1동,129.0189134,35.11026747
123,7,동대신1동,129.0211064,35.11106929
124,8,동대신1동,129.0184103,35.1095055
125,9,동대신1동,129.0231652,35.1116739
126,10,동대신1동,129.0231652,35.1116739
127,11,동대신1동,129.0185943,35.10930565
128,12,동대신1동,129.0185943,35.10930565
129,0,동대신2동,129.0182567,35.11038116
130,1,동대신2동,129.0222868,35.11599903
131,2,동대신2동,129.0263624,35.11381925
132,3,동대신2동,129.016967,35.11252831
133,4,동대신2동,129.016967,35.11252831
134,5,동대신2동,129.0247535,35.11587003
135,6,동대신2동,129.0247535,35.11587003
136,7,동대신2동,129.0175953,35.11100868
137,8,동대신2동,129.01800559999998,35.11048242
138,9,동대신2동,129.01705829999997,35.11193262
139,10,동대신2동,129.01705829999997,35.11193262
140,11,동대신2동,129.017865,35.11063684
141,12,동대신2동,129.017865,35.11063684
142,0,동대신3동,129.0200686,35.12021825
143,1,동대신3동,129.0161117,35.1196205
144,2,동대신3동,129.0157659,35.11916369
145,3,동대신3동,129.01568970000002,35.11832602
146,4,동대신3동,129.01568970000002,35.11832602
147,5,동대신3동,129.01570729999997,35.11444083
148,6,동대신3동,129.01659750000002,35.11281084
149,7,동대신3동,129.01659750000002,35.11281084
150,8,동대신3동,129.0216038,35.11577042
151,9,동대신3동,129.0216038,35.11577042
152,10,동대신3동,129.01862240000003,35.11332567
153,11,동대신3동,129.01862240000003,35.11332567
154,12,동대신3동,129.0158679,35.11412399
155,13,동대신3동,129.0158679,35.11412399
156,0,서대신1동,129.0164809,35.11225295
157,1,서대신1동,129.0089709,35.1081512
158,2,서대신1동,129.0089709,35.1081512
159,3,서대신1동,129.0197045,35.10772787
160,4,서대신1동,129.0197045,35.10772787
161,5,서대신1동,129.01100490000002,35.11208241
162,6,서대신1동,129.01625049999998,35.11224587
163,7,서대신1동,129.01625049999998,35.11224587
164,0,서대신3동,129.0088445,35.11480462
165,1,서대신3동,129.0088445,35.11480462
166,2,서대신3동,129.0090115,35.11233338
167,3,서대신3동,129.0090115,35.11233338
168,4,서대신3동,129.0129361,35.11123699
169,5,서대신3동,129.0129361,35.11123699
170,6,서대신3동,129.01611770000002,35.11304021
171,7,서대신3동,129.01611770000002,35.11304021
172,8,서대신3동,129.0129752,35.11616734
173,9,서대신3동,129.0129752,35.11616734
174,0,서대신4동,129.0103872,35.13135052
175,1,서대신4동,129.0099278,35.11724741
176,2,서대신4동,129.0153434,35.11782414
177,3,서대신4동,129.0107651,35.13086061
178,4,서대신4동,129.0107651,35.13086061
179,5,서대신4동,129.0093801,35.11820746
180,6,서대신4동,129.0093801,35.11820746
181,7,서대신4동,129.0132799,35.11685888
182,8,서대신4동,129.0132799,35.11685888
183,0,부민동,129.0211477,35.10207294
184,1,부민동,129.01691670000002,35.10759805
185,2,부민동,129.01691670000002,35.10759805
186,3,부민동,129.0165721,35.10193111
187,4,부민동,129.02188370000002,35.10743009
188,5,부민동,129.02188370000002,35.10743009
189,6,부민동,129.0177616,35.10761801
190,7,부민동,129.0177616,35.10761801
191,8,부민동,129.0163983,35.10206778
192,9,부민동,129.0163983,35.10206778
193,0,아미동,129.0115711,35.09842141
194,1,아미동,129.0115711,35.09842141
195,2,아미동,129.0180405,35.09828613
196,3,아미동,129.0107932,35.10471069
197,4,아미동,129.0107932,35.10471069
198,5,아미동,129.01856809999998,35.10190535
199,6,아미동,129.0195389,35.09883241
200,7,아미동,129.0195389,35.09883241
201,8,아미동,129.0192487,35.10107033
202,9,아미동,129.0195473,35.09950839
203,10,아미동,129.0195473,35.09950839
204,0,초장동,129.0184442,35.09282924
205,1,초장동,129.0184442,35.09282924
206,2,초장동,129.018605,35.09870505
207,3,초장동,129.018605,35.09870505
208,4,초장동,129.0204181,35.09809488
209,5,초장동,129.0211979,35.09466297
210,6,초장동,129.0211979,35.09466297
211,7,초장동,129.0208277,35.09399905
212,8,초장동,129.02120449999998,35.09606911
213,9,초장동,129.02120449999998,35.09606911
214,10,초장동,129.0190328,35.09253584
215,11,초장동,129.0190328,35.09253584
216,0,충무동,129.0212211,35.09388757
217,1,충무동,129.0247708,35.0935872
218,2,충무동,129.0247708,35.0935872
219,3,충무동,129.0218409,35.09345869
220,4,충무동,129.0218409,35.09345869
221,5,충무동,129.0198147,35.10072304
222,6,충무동,129.0203565,35.10195341
223,7,충무동,129.0203565,35.10195341
224,8,충무동,129.0242328,35.09967622
225,9,충무동,129.0237246,35.10026643
226,10,충무동,129.0237246,35.10026643
227,11,충무동,129.0197498,35.09903796
228,12,충무동,129.0197498,35.09903796
229,13,충무동,129.0259963,35.0959926
230,14,충무동,129.0259963,35.0959926
231,0,남부민1동,129.0247673,35.09330779
232,1,남부민1동,129.0235334,35.08759429
233,2,남부민1동,129.0235334,35.08759429
234,3,남부민1동,129.0243241,35.08768677
235,4,남부민1동,129.0243241,35.08768677
236,5,남부민1동,129.020531,35.093073100000005
237,6,남부민1동,129.0218711,35.09324209
238,7,남부민1동,129.0218711,35.09324209
239,0,남부민2동,129.0174971,35.08279552
240,1,남부민2동,129.0255578,35.08198847
241,2,남부민2동,129.0255578,35.08198847
242,3,남부민2동,129.0162255,35.08548336
243,4,남부민2동,129.0250017,35.0866264
244,5,남부민2동,129.0250017,35.0866264
245,6,남부민2동,129.0202287,35.08200638
246,7,남부민2동,129.0202287,35.08200638
247,8,남부민2동,129.02124990000002,35.08828058
248,9,남부민2동,129.02124990000002,35.08828058
249,0,암남동,129.0149949,35.08529536
250,1,암남동,129.00982209999998,35.05885514
251,2,암남동,129.0200128,35.06113157
252,3,암남동,129.0059304,35.07851118
253,4,암남동,129.0056929,35.07434863
254,5,암남동,129.0056929,35.07434863
255,6,암남동,129.024245,35.07696971
256,7,암남동,129.024245,35.07696971
257,8,암남동,129.0059193,35.07850225
258,9,암남동,129.0059193,35.07850225
259,0,초량1동,129.036282,35.11317599
260,1,초량1동,129.0358738,35.11819127
261,2,초량1동,129.03777409999998,35.11751699
262,3,초량1동,129.03777409999998,35.11751699
263,4,초량1동,129.037099,35.1127183
264,5,초량1동,129.04079199999998,35.11414692
265,6,초량1동,129.04079199999998,35.11414692
266,7,초량1동,129.0402545,35.11242085
267,8,초량1동,129.0402545,35.11242085
268,9,초량1동,129.03444299999998,35.11695955
269,10,초량1동,129.03444299999998,35.11695955
270,11,초량1동,129.0392933,35.11187924
271,12,초량1동,129.0386819,35.11210983
272,13,초량1동,129.0386819,35.11210983
273,0,초량2동,129.03788799999998,35.12043655
274,1,초량2동,129.0327113,35.11708249
275,2,초량2동,129.0327113,35.11708249
276,3,초량2동,129.03923590000002,35.11513378
277,4,초량2동,129.0407014,35.11737471
278,5,초량2동,129.04084440000003,35.11826587
279,6,초량2동,129.0391772,35.12001987
280,7,초량2동,129.0391772,35.12001987
281,8,초량2동,129.0398733,35.11609282
282,9,초량2동,129.0398733,35.11609282
283,10,초량2동,129.0395582,35.11978224
284,11,초량2동,129.0395582,35.11978224
285,0,초량3동,129.047405,35.12685377
286,1,초량3동,129.0383129,35.12107291
287,2,초량3동,129.0383129,35.12107291
288,3,초량3동,129.0491756,35.11776137
289,4,초량3동,129.0491756,35.11776137
290,5,초량3동,129.0380714,35.12365298
291,6,초량3동,129.0380714,35.12365298
292,0,초량6동,129.0345066,35.12632456
293,1,초량6동,129.03770500000002,35.12331358
294,2,초량6동,129.0353343,35.12583975
295,3,초량6동,129.0297286,35.11892869
296,4,초량6동,129.0357175,35.11970696
297,5,초량6동,129.0376305,35.1234945
298,6,초량6동,129.0376305,35.1234945
299,7,초량6동,129.0347898,35.12615989
300,8,초량6동,129.0347898,35.12615989
301,9,초량6동,129.0286223,35.11906428
302,10,초량6동,129.0286223,35.11906428
303,11,초량6동,129.0380448,35.12069661
304,12,초량6동,129.0380448,35.12069661
305,0,수정1동,129.04106470000002,35.12695346
306,1,수정1동,129.039884,35.12383575
307,2,수정1동,129.039884,35.12383575
308,3,수정1동,129.042664,35.12245075
309,4,수정1동,129.0395437,35.12641667
310,5,수정1동,129.0395437,35.12641667
311,6,수정1동,129.0442279,35.12550204
312,7,수정1동,129.0442279,35.12550204
313,0,수정2동,129.0399647,35.12845923
314,1,수정2동,129.0477491,35.12716628
315,2,수정2동,129.0394464,35.1291217
316,3,수정2동,129.04028970000002,35.13158429
317,4,수정2동,129.04028970000002,35.13158429
318,5,수정2동,129.0502179,35.13059727
319,6,수정2동,129.0502179,35.13059727
320,7,수정2동,129.0484048,35.12781863
321,8,수정2동,129.0484048,35.12781863
322,9,수정2동,129.03923989999998,35.13013303
323,10,수정2동,129.03923989999998,35.13013303
324,0,수정4동,129.0374795,35.12802082
325,1,수정4동,129.0451564,35.12775655
326,2,수정4동,129.0451564,35.12775655
327,3,수정4동,129.0370385,35.12612264
328,4,수정4동,129.0446339,35.12636389
329,5,수정4동,129.0351206,35.12629227
330,6,수정4동,129.0351206,35.12629227
331,7,수정4동,129.0360842,35.12613981
332,8,수정4동,129.0360842,35.12613981
333,9,수정4동,129.0452086,35.12754878
334,10,수정4동,129.0452086,35.12754878
335,0,수정5동,129.04128300000002,35.13548783
336,1,수정5동,129.0417636,35.13272542
337,2,수정5동,129.0417636,35.13272542
338,3,수정5동,129.04602509999998,35.13220196
339,4,수정5동,129.0454804,35.13164779
340,5,수정5동,129.0454804,35.13164779
341,6,수정5동,129.0473869,35.13743633
342,7,수정5동,129.0473869,35.13743633
343,8,수정5동,129.0451773,35.13712189
344,9,수정5동,129.0426291,35.13607117
345,10,수정5동,129.0426291,35.13607117
346,0,범일1동,129.0499525,35.1372699
347,1,범일1동,129.0481576,35.13849331
348,2,범일1동,129.0481576,35.13849331
349,3,범일1동,129.0408871,35.14575813
350,4,범일1동,129.047676,35.1445819
351,5,범일1동,129.047676,35.1445819
352,6,범일1동,129.0570369,35.13694691
353,7,범일1동,129.0570369,35.13694691
354,8,범일1동,129.0568505,35.13611024
355,9,범일1동,129.0568505,35.13611024
356,10,범일1동,129.0416547,35.14571548
357,11,범일1동,129.0416547,35.14571548
358,0,범일2동,129.0600729,35.13328777
359,1,범일2동,129.05764720000002,35.14086265
360,2,범일2동,129.05764720000002,35.14086265
361,3,범일2동,129.0656222,35.13812466
362,4,범일2동,129.0656222,35.13812466
363,5,범일2동,129.0632152,35.14120153
364,6,범일2동,129.0632152,35.14120153
365,7,범일2동,129.0647964,35.13538266
366,8,범일2동,129.0644645,35.13516924
367,9,범일2동,129.0644645,35.13516924
368,0,범일5동,129.0538191,35.12651873
369,1,범일5동,129.05951480000002,35.1325535
370,2,범일5동,129.05951480000002,35.1325535
371,3,범일5동,129.0517257,35.1283938
372,4,범일5동,129.0565579,35.13384127
373,5,범일5동,129.0565579,35.13384127
374,6,범일5동,129.059579,35.13073212
375,7,범일5동,129.059579,35.13073212
376,8,범일5동,129.0531207,35.13022053
377,9,범일5동,129.0531207,35.13022053
378,0,남항동,129.0400818,35.08327997
379,1,남항동,129.0323754,35.09392832
380,2,남항동,129.0323754,35.09392832
381,3,남항동,129.0422142,35.09229374
382,4,남항동,129.03232450000002,35.09250453
383,5,남항동,129.03232450000002,35.09250453
384,6,남항동,129.0348584,35.085596200000005
385,7,남항동,129.0348584,35.085596200000005
386,8,남항동,129.0399594,35.0831368
387,9,남항동,129.0399594,35.0831368
388,10,남항동,129.0423442,35.09216642
389,11,남항동,129.0423442,35.09216642
390,0,영선1동,129.0409564,35.08738287
391,1,영선1동,129.04202560000002,35.09040241
392,2,영선1동,129.0430219,35.09198933
393,3,영선1동,129.0425939,35.08680092
394,4,영선1동,129.0425939,35.08680092
395,5,영선1동,129.045221,35.08986111
396,6,영선1동,129.045221,35.08986111
397,7,영선1동,129.04390130000002,35.08698798
398,8,영선1동,129.0423848,35.09104833
399,9,영선1동,129.0423848,35.09104833
400,10,영선1동,129.0431094,35.09197055
401,11,영선1동,129.0431094,35.09197055
402,12,영선1동,129.04345759999998,35.08659518
403,13,영선1동,129.04345759999998,35.08659518
404,0,영선2동,129.04298300000002,35.08635589
405,1,영선2동,129.0412392,35.08116075
406,2,영선2동,129.0412392,35.08116075
407,3,영선2동,129.0457446,35.07932819
408,4,영선2동,129.0392501,35.085144
409,5,영선2동,129.0392501,35.085144
410,6,영선2동,129.04001440000002,35.08660674
411,7,영선2동,129.046091,35.07811732
412,8,영선2동,129.046091,35.07811732
413,9,영선2동,129.0407332,35.08707831
414,10,영선2동,129.0407332,35.08707831
415,0,신선동,129.04596270000002,35.09211723
416,1,신선동,129.04455929999997,35.08182628
417,2,신선동,129.0478037,35.082573499999995
418,3,신선동,129.0428572,35.08508599
419,4,신선동,129.0475343,35.08123274
420,5,신선동,129.0475343,35.08123274
421,6,신선동,129.0483963,35.09117678
422,7,신선동,129.0483963,35.09117678
423,8,신선동,129.0460956,35.09222425
424,9,신선동,129.0460956,35.09222425
425,10,신선동,129.0432416,35.08427142
426,11,신선동,129.0429319,35.08492309
427,12,신선동,129.0429533,35.08487784
428,13,신선동,129.0429533,35.08487784
429,0,봉래1동,129.0401314,35.09496175
430,1,봉래1동,129.04591969999998,35.09562406
431,2,봉래1동,129.04591969999998,35.09562406
432,3,봉래1동,129.038873,35.09345818
433,4,봉래1동,129.038873,35.09345818
434,5,봉래1동,129.0435175,35.09645602
435,6,봉래1동,129.0435175,35.09645602
436,7,봉래1동,129.0458783,35.09237937
437,8,봉래1동,129.0458783,35.09237937
438,9,봉래1동,129.04542959999998,35.09159902
439,10,봉래1동,129.04542959999998,35.09159902
440,0,봉래2동,129.0474413,35.09196926
441,1,봉래2동,129.0542438,35.09219875
442,2,봉래2동,129.0542438,35.09219875
443,3,봉래2동,129.04666,35.092616
444,4,봉래2동,129.0472395,35.095053799999995
445,5,봉래2동,129.0472395,35.095053799999995
446,6,봉래2동,129.0543001,35.0940191
447,7,봉래2동,129.0543001,35.0940191
448,8,봉래2동,129.0461767,35.09342242
449,9,봉래2동,129.0461767,35.09342242
450,0,청학1동,129.0565422,35.09948911
451,1,청학1동,129.0565422,35.09948911
452,2,청학1동,129.0600451,35.09810644
453,3,청학1동,129.0533368,35.095009999999995
454,4,청학1동,129.0533368,35.095009999999995
455,5,청학1동,129.05674150000002,35.09113138
456,6,청학1동,129.05674150000002,35.09113138
457,7,청학1동,129.0609147,35.09580927
458,8,청학1동,129.0609147,35.09580927
459,9,청학1동,129.0577735,35.09122154
460,10,청학1동,129.0577735,35.09122154
461,11,청학1동,129.0608402,35.09683752
462,12,청학1동,129.0608402,35.09683752
463,0,청학2동,129.0614212,35.09681441
464,1,청학2동,129.0614212,35.09681441
465,2,청학2동,129.0590943,35.08649568
466,3,청학2동,129.06688229999997,35.08580544
467,4,청학2동,129.06688229999997,35.08580544
468,5,청학2동,129.0712712,35.09186022
469,6,청학2동,129.0712712,35.09186022
470,7,청학2동,129.0630188,35.09821561
471,8,청학2동,129.0630188,35.09821561
472,9,청학2동,129.0576801,35.08993335
473,10,청학2동,129.0576801,35.08993335
474,0,동삼1동,129.0622055,35.07948259
475,1,동삼1동,129.0791969,35.08078383
476,2,동삼1동,129.06601170000002,35.06777602
477,3,동삼1동,129.07659579999998,35.07142335
478,4,동삼1동,129.07659579999998,35.07142335
479,5,동삼1동,129.0723545,35.08413465
480,6,동삼1동,129.0773749,35.08231439
481,7,동삼1동,129.0593741,35.07081782
482,8,동삼1동,129.0593741,35.07081782
483,9,동삼1동,129.0700158,35.08307362
484,10,동삼1동,129.0700158,35.08307362
485,11,동삼1동,129.0742648,35.08430703
486,12,동삼1동,129.0742648,35.08430703
487,0,동삼2동,129.087545,35.07442649
488,1,동삼2동,129.0777389,35.07163855
489,2,동삼2동,129.0777389,35.07163855
490,3,동삼2동,129.0763011,35.06150151
491,4,동삼2동,129.0763011,35.06150151
492,5,동삼2동,129.0883995,35.05041446
493,6,동삼2동,129.0883995,35.05041446
494,0,동삼3동,129.0737818,35.09012535
495,1,동삼3동,129.06598799999998,35.07944039
496,2,동삼3동,129.0684479,35.08728798
497,3,동삼3동,129.063837,35.08099166
498,4,동삼3동,129.0674836,35.08650324
499,5,동삼3동,129.0674836,35.08650324
500,6,동삼3동,129.0630491,35.08196307
501,7,동삼3동,129.0630491,35.08196307
502,0,부전1동,129.05313859999998,35.15801939
503,1,부전1동,129.05313859999998,35.15801939
504,2,부전1동,129.0621825,35.15800354
505,3,부전1동,129.0621825,35.15800354
506,4,부전1동,129.0534854,35.16533568
507,5,부전1동,129.0656121,35.16933095
508,6,부전1동,129.0656121,35.16933095
509,7,부전1동,129.053552,35.16538919
510,8,부전1동,129.053552,35.16538919
511,0,부전2동,129.0552514,35.16184094
512,1,부전2동,129.0621883,35.15760687
513,2,부전2동,129.0621883,35.15760687
514,3,부전2동,129.0554723,35.16194718
515,4,부전2동,129.0554723,35.16194718
516,5,부전2동,129.050719,35.15593114
517,6,부전2동,129.050719,35.15593114
518,7,부전2동,129.0559408,35.15147793
519,8,부전2동,129.0622148,35.15288335
520,9,부전2동,129.0622148,35.15288335
521,10,부전2동,129.0568552,35.15090208
522,11,부전2동,129.0568552,35.15090208
523,12,부전2동,129.058643,35.15081436
524,13,부전2동,129.0610228,35.15152367
525,14,부전2동,129.0610228,35.15152367
526,15,부전2동,129.0574898,35.15075232
527,16,부전2동,129.0574898,35.15075232
528,0,연지동,129.04881170000002,35.16894575
529,1,연지동,129.0591926,35.17204635
530,2,연지동,129.0483807,35.17385305
531,3,연지동,129.0563441,35.175884100000005
532,4,연지동,129.0476515,35.17092082
533,5,연지동,129.0476515,35.17092082
534,6,연지동,129.0596604,35.17256506
535,7,연지동,129.0596604,35.17256506
536,8,연지동,129.0530078,35.17596724
537,9,연지동,129.0530078,35.17596724
538,10,연지동,129.0549736,35.17602224
539,11,연지동,129.0544906,35.17602645
540,12,연지동,129.0544906,35.17602645
541,0,초읍동,129.0443975,35.18428951
542,1,초읍동,129.0443975,35.18428951
543,2,초읍동,129.0498185,35.18748764
544,3,초읍동,129.0498185,35.18748764
545,4,초읍동,129.0466662,35.17369661
546,5,초읍동,129.0466662,35.17369661
547,6,초읍동,129.057296,35.17818335
548,7,초읍동,129.0549338,35.17633808
549,8,초읍동,129.0549338,35.17633808
550,0,양정1동,129.0722518,35.1658651
551,1,양정1동,129.0663357,35.17683315
552,2,양정1동,129.0737211,35.17159394
553,3,양정1동,129.0737211,35.17159394
554,4,양정1동,129.0617456,35.17251976
555,5,양정1동,129.0617456,35.17251976
556,6,양정1동,129.06667209999998,35.16812277
557,7,양정1동,129.06667209999998,35.16812277
558,0,양정2동,129.0767615,35.16906109
559,1,양정2동,129.0680759,35.17642121
560,2,양정2동,129.0785462,35.17536394
561,3,양정2동,129.0682831,35.17463463
562,4,양정2동,129.0679705,35.17591736
563,5,양정2동,129.0679705,35.17591736
564,6,양정2동,129.0745778,35.17830168
565,7,양정2동,129.0749973,35.17013138
566,8,양정2동,129.07272379999998,35.17923753
567,9,양정2동,129.0684027,35.17455245
568,10,양정2동,129.0740986,35.17859438
569,11,양정2동,129.07289709999998,35.17153814
570,12,양정2동,129.07289709999998,35.17153814
571,13,양정2동,129.0738695,35.17870458
572,14,양정2동,129.0738695,35.17870458
573,0,전포1동,129.0732358,35.15721206
574,1,전포1동,129.072191,35.14952342
575,2,전포1동,129.0630372,35.15704958
576,3,전포1동,129.0711837,35.15807752
577,4,전포1동,129.0711837,35.15807752
578,5,전포1동,129.0734734,35.15524492
579,6,전포1동,129.0734734,35.15524492
580,7,전포1동,129.06400290000002,35.14945138
581,8,전포1동,129.06400290000002,35.14945138
582,9,전포1동,129.0676273,35.14797727
583,10,전포1동,129.06255330000002,35.1552871
584,11,전포1동,129.06255330000002,35.1552871
585,12,전포1동,129.0625544,35.151996999999994
586,13,전포1동,129.0625544,35.151996999999994
587,14,전포1동,129.0625754,35.1510774
588,15,전포1동,129.0625754,35.1510774
589,16,전포1동,129.0671324,35.1479005
590,17,전포1동,129.0671324,35.1479005
591,0,전포2동,129.0717608,35.16609479
592,1,전포2동,129.0717608,35.16609479
593,2,전포2동,129.0625145,35.15820795
594,3,전포2동,129.0625145,35.15820795
595,4,전포2동,129.07076709999998,35.15811726
596,5,전포2동,129.0624878,35.16121883
597,6,전포2동,129.0668042,35.16647206
598,7,전포2동,129.0626939,35.16187504
599,8,전포2동,129.0626939,35.16187504
600,9,전포2동,129.0674467,35.166917100000006
601,10,전포2동,129.0674467,35.166917100000006
602,11,전포2동,129.06357549999998,35.15792822
603,12,전포2동,129.0679001,35.15793525
604,13,전포2동,129.0679001,35.15793525
605,14,전포2동,129.06622009999998,35.15788695
606,15,전포2동,129.06622009999998,35.15788695
607,0,부암1동,129.0446007,35.16842327
608,1,부암1동,129.0446007,35.16842327
609,2,부암1동,129.0509653,35.15801122
610,3,부암1동,129.0509653,35.15801122
611,4,부암1동,129.0547896,35.16262917
612,5,부암1동,129.0547896,35.16262917
613,6,부암1동,129.0523052,35.16830251
614,7,부암1동,129.0523052,35.16830251
615,8,부암1동,129.05470490000002,35.16201696
616,9,부암1동,129.05470490000002,35.16201696
617,10,부암1동,129.051392,35.15790837
618,11,부암1동,129.051392,35.15790837
619,12,부암1동,129.0518414,35.1578594
620,13,부암1동,129.0518414,35.1578594
621,0,부암3동,129.0411784,35.16604602
622,1,부암3동,129.02992949999998,35.17494879
623,2,부암3동,129.02992949999998,35.17494879
624,3,부암3동,129.042817,35.16886229
625,4,부암3동,129.042817,35.16886229
626,5,부암3동,129.0327829,35.17574476
627,6,부암3동,129.0327829,35.17574476
628,7,부암3동,129.0362507,35.16871132
629,8,부암3동,129.0362507,35.16871132
630,0,당감1동,129.025569,35.16516059
631,1,당감1동,129.025569,35.16516059
632,2,당감1동,129.02769809999998,35.16861292
633,3,당감1동,129.04240729999998,35.16599939
634,4,당감1동,129.0435602,35.16259122
635,5,당감1동,129.0364625,35.16118288
636,6,당감1동,129.0364625,35.16118288
637,7,당감1동,129.02700330000002,35.16835741
638,8,당감1동,129.02700330000002,35.16835741
639,9,당감1동,129.0408821,35.1669139
640,10,당감1동,129.0408821,35.1669139
641,11,당감1동,129.04271229999998,35.16238218
642,12,당감1동,129.0417546,35.16216507
643,13,당감1동,129.0417546,35.16216507
644,0,당감2동,129.0386425,35.16084872
645,1,당감2동,129.049692,35.16056419
646,2,당감2동,129.038736,35.1561156
647,3,당감2동,129.038736,35.1561156
648,4,당감2동,129.0501063,35.15864063
649,5,당감2동,129.0501063,35.15864063
650,6,당감2동,129.0498081,35.16020263
651,7,당감2동,129.0498081,35.16020263
652,8,당감2동,129.05008279999998,35.15766733
653,9,당감2동,129.05008279999998,35.15766733
654,10,당감2동,129.0474394,35.15695107
655,11,당감2동,129.0474394,35.15695107
656,0,당감4동,129.03248,35.17261951
657,1,당감4동,129.0274023,35.17214889
658,2,당감4동,129.0274023,35.17214889
659,3,당감4동,129.0316354,35.16659639
660,4,당감4동,129.0316354,35.16659639
661,5,당감4동,129.0393862,35.16408736
662,6,당감4동,129.03539009999997,35.16490579
663,7,당감4동,129.0364625,35.16464423
664,8,당감4동,129.0364625,35.16464423
665,0,가야1동,129.04488419999998,35.15282672
666,1,가야1동,129.0441624,35.15732189
667,2,가야1동,129.033959,35.14723264
668,3,가야1동,129.0454953,35.15426368
669,4,가야1동,129.0454953,35.15426368
670,5,가야1동,129.0356002,35.15636779
671,6,가야1동,129.03284150000002,35.15259646
672,7,가야1동,129.0348965,35.15626564
673,8,가야1동,129.0348965,35.15626564
674,9,가야1동,129.0324976,35.15490697
675,10,가야1동,129.0324976,35.15490697
676,0,가야2동,129.0314587,35.15520426
677,1,가야2동,129.02370530000002,35.14782449
678,2,가야2동,129.03329209999998,35.14743664
679,3,가야2동,129.03329209999998,35.14743664
680,4,가야2동,129.0240221,35.14946235
681,5,가야2동,129.02917620000002,35.155241700000005
682,6,가야2동,129.02917620000002,35.155241700000005
683,7,가야2동,129.0320068,35.15341483
684,8,가야2동,129.0320068,35.15341483
685,9,가야2동,129.0254891,35.14654745
686,10,가야2동,129.0254891,35.14654745
687,11,가야2동,129.0244685,35.1500535
688,12,가야2동,129.0244685,35.1500535
689,0,개금1동,129.0175666,35.14838999
690,1,개금1동,129.0232448,35.14785542
691,2,개금1동,129.0232448,35.14785542
692,3,개금1동,129.0190871,35.1532718
693,4,개금1동,129.0190871,35.1532718
694,5,개금1동,129.0163918,35.14922914
695,6,개금1동,129.01641229999998,35.15087852
696,7,개금1동,129.01641229999998,35.15087852
697,8,개금1동,129.01752040000002,35.15260892
698,9,개금1동,129.0173051,35.14853641
699,10,개금1동,129.0173051,35.14853641
700,11,개금1동,129.01657240000003,35.15139999
701,12,개금1동,129.01657240000003,35.15139999
702,0,개금2동,129.01637879999998,35.14818363
703,1,개금2동,129.02097959999998,35.14310613
704,2,개금2동,129.02097959999998,35.14310613
705,3,개금2동,129.0210501,35.14787393
706,4,개금2동,129.01468970000002,35.14561077
707,5,개금2동,129.01468970000002,35.14561077
708,6,개금2동,129.0193613,35.1426961
709,7,개금2동,129.0193613,35.1426961
710,8,개금2동,129.0198349,35.14810952
711,9,개금2동,129.0198349,35.14810952
712,0,개금3동,129.03053590000002,35.16123343
713,1,개금3동,129.03053590000002,35.16123343
714,2,개금3동,129.0264748,35.15600376
715,3,개금3동,129.0264748,35.15600376
716,4,개금3동,129.0173625,35.15755891
717,5,개금3동,129.0173625,35.15755891
718,6,개금3동,129.0278689,35.16560983
719,7,개금3동,129.0278689,35.16560983
720,8,개금3동,129.0168636,35.15363301
721,9,개금3동,129.021425,35.15416252
722,10,개금3동,129.0165009,35.15447435
723,11,개금3동,129.0165009,35.15447435
724,12,개금3동,129.0226361,35.1544678
725,13,개금3동,129.0226361,35.1544678
726,0,범천1동,129.0575653,35.1430177
727,1,범천1동,129.0630342,35.14162677
728,2,범천1동,129.0575239,35.14999485
729,3,범천1동,129.0625224,35.14868917
730,4,범천1동,129.0625224,35.14868917
731,5,범천1동,129.0581134,35.14212054
732,6,범천1동,129.0619576,35.14153706
733,7,범천1동,129.0582165,35.15008796
734,8,범천1동,129.0588753,35.14163614
735,9,범천1동,129.0588753,35.14163614
736,10,범천1동,129.0624299,35.14156897
737,11,범천1동,129.0624299,35.14156897
738,12,범천1동,129.0577108,35.15002026
739,13,범천1동,129.0577108,35.15002026
740,0,범천2동,129.0458409,35.15554068
741,1,범천2동,129.0558334,35.15081184
742,2,범천2동,129.0570888,35.14350861
743,3,범천2동,129.0570888,35.14350861
744,4,범천2동,129.0473665,35.15640185
745,5,범천2동,129.0504914,35.15700577
746,6,범천2동,129.0504914,35.15700577
747,7,범천2동,129.05237590000002,35.14226064
748,8,범천2동,129.05237590000002,35.14226064
749,9,범천2동,129.0553801,35.14205423
750,10,범천2동,129.0553801,35.14205423
751,11,범천2동,129.04994309999998,35.15704658
752,12,범천2동,129.0500751,35.15706347
753,13,범천2동,129.0500751,35.15706347
754,0,수민동,129.0841896,35.20433816
755,1,수민동,129.0841896,35.20433816
756,2,수민동,129.0971929,35.19294474
757,3,수민동,129.0953719,35.19799094
758,4,수민동,129.0953719,35.19799094
759,5,수민동,129.0869495,35.20377259
760,6,수민동,129.0826965,35.19775339
761,7,수민동,129.085695,35.19532886
762,8,수민동,129.0894692,35.19426739
763,9,수민동,129.08668740000002,35.20388311
764,10,수민동,129.0794493,35.20131581
765,11,수민동,129.0794493,35.20131581
766,12,수민동,129.08518270000002,35.19561289
767,13,수민동,129.08518270000002,35.19561289
768,14,수민동,129.0874648,35.19464596
769,15,수민동,129.08678590000002,35.20385518
770,16,수민동,129.08678590000002,35.20385518
771,17,수민동,129.08831909999998,35.19447604
772,18,수민동,129.08831909999998,35.19447604
773,0,복산동,129.0915813,35.20193717
774,1,복산동,129.0869768,35.20828827
775,2,복산동,129.0869768,35.20828827
776,3,복산동,129.0929761,35.20850468
777,4,복산동,129.0840298,35.20470916
778,5,복산동,129.0840298,35.20470916
779,6,복산동,129.089109,35.20100397
780,7,복산동,129.089109,35.20100397
781,8,복산동,129.09042620000002,35.20096507
782,9,복산동,129.09042620000002,35.20096507
783,10,복산동,129.095418,35.20632831
784,11,복산동,129.095418,35.20632831
785,0,명륜동,129.0854866,35.21762192
786,1,명륜동,129.0854866,35.21762192
787,2,명륜동,129.0837184,35.20276496
788,3,명륜동,129.0790183,35.20692626
789,4,명륜동,129.0807719,35.21328339
790,5,명륜동,129.0790692,35.20247297
791,6,명륜동,129.0790692,35.20247297
792,7,명륜동,129.0831537,35.20241847
793,8,명륜동,129.0831537,35.20241847
794,9,명륜동,129.0905734,35.21196962
795,10,명륜동,129.0905734,35.21196962
796,11,명륜동,129.0789863,35.20616938
797,12,명륜동,129.0789863,35.20616938
798,13,명륜동,129.0846563,35.21713361
799,14,명륜동,129.0849568,35.21742837
800,15,명륜동,129.0849568,35.21742837
801,0,온천1동,129.0797413,35.21258951
802,1,온천1동,129.074853,35.22502701
803,2,온천1동,129.074853,35.22502701
804,3,온천1동,129.0820145,35.22415196
805,4,온천1동,129.0855527,35.22176768
806,5,온천1동,129.0739773,35.21609307
807,6,온천1동,129.0739773,35.21609307
808,7,온천1동,129.07865230000002,35.21246401
809,8,온천1동,129.0822105,35.22402402
810,9,온천1동,129.0822105,35.22402402
811,10,온천1동,129.0781408,35.2128201
812,11,온천1동,129.0781408,35.2128201
813,0,온천2동,129.0806903,35.22204555
814,1,온천2동,129.078507,35.20563282
815,2,온천2동,129.078507,35.20563282
816,3,온천2동,129.0576399,35.21149562
817,4,온천2동,129.0773778,35.20494881
818,5,온천2동,129.0773778,35.20494881
819,0,온천3동,129.0575804,35.20690809
820,1,온천3동,129.0575804,35.20690809
821,2,온천3동,129.0771234,35.20481586
822,3,온천3동,129.0596501,35.20222082
823,4,온천3동,129.0775243,35.20273911
824,5,온천3동,129.0774143,35.20438962
825,6,온천3동,129.0774143,35.20438962
826,7,온천3동,129.0573247,35.20412504
827,8,온천3동,129.0573247,35.20412504
828,9,온천3동,129.0706605,35.20105131
829,10,온천3동,129.06929440000002,35.20072086
830,11,온천3동,129.06940459999998,35.20074693
831,12,온천3동,129.06940459999998,35.20074693
832,0,사직1동,129.0601888,35.20227018
833,1,사직1동,129.0651789,35.20175767
834,2,사직1동,129.0594847,35.19963528
835,3,사직1동,129.06452679999998,35.19386726
836,4,사직1동,129.0597774,35.20187717
837,5,사직1동,129.0647971,35.20195933
838,6,사직1동,129.0609819,35.19653943
839,7,사직1동,129.0609819,35.19653943
840,8,사직1동,129.0656056,35.19407411
841,9,사직1동,129.0656056,35.19407411
842,10,사직1동,129.0601001,35.20219885
843,11,사직1동,129.0601001,35.20219885
844,12,사직1동,129.0626574,35.2029336
845,13,사직1동,129.0626574,35.2029336
846,0,사직2동,129.0525163,35.19574798
847,1,사직2동,129.05231659999998,35.20069833
848,2,사직2동,129.05231659999998,35.20069833
849,3,사직2동,129.063325,35.19432851
850,4,사직2동,129.05714709999998,35.20398237
851,5,사직2동,129.0607076,35.19233236
852,6,사직2동,129.0607076,35.19233236
853,7,사직2동,129.059764,35.201688
854,8,사직2동,129.059764,35.201688
855,9,사직2동,129.0578667,35.20357947
856,10,사직2동,129.0578667,35.20357947
857,0,사직3동,129.07165,35.19529172
858,1,사직3동,129.0653291,35.19896205
859,2,사직3동,129.0668761,35.19465784
860,3,사직3동,129.0668761,35.19465784
861,4,사직3동,129.06915049999998,35.19476397
862,5,사직3동,129.06915049999998,35.19476397
863,6,사직3동,129.0650102,35.20061439
864,7,사직3동,129.0752923,35.20253361
865,8,사직3동,129.078098,35.20127377
866,9,사직3동,129.0774223,35.20249665
867,10,사직3동,129.0774223,35.20249665
868,11,사직3동,129.0650041,35.20014573
869,12,사직3동,129.0650041,35.20014573
870,13,사직3동,129.0653468,35.20116128
871,14,사직3동,129.07608340000002,35.20256264
872,15,사직3동,129.07608340000002,35.20256264
873,16,사직3동,129.0776402,35.20236851
874,17,사직3동,129.0776402,35.20236851
875,18,사직3동,129.06529070000002,35.20107163
876,19,사직3동,129.06529070000002,35.20107163
877,0,안락1동,129.09639109999998,35.20437251
878,1,안락1동,129.09267250000002,35.19977302
879,2,안락1동,129.0982908,35.20354405
880,3,안락1동,129.0995663,35.19225618
881,4,안락1동,129.10084890000002,35.19210031
882,5,안락1동,129.10084890000002,35.19210031
883,6,안락1동,129.1043689,35.20067646
884,7,안락1동,129.1043689,35.20067646
885,8,안락1동,129.099829,35.1921907
886,9,안락1동,129.099829,35.1921907
887,10,안락1동,129.1044058,35.19934208
888,11,안락1동,129.10422859999997,35.19761304
889,12,안락1동,129.10422859999997,35.19761304
890,13,안락1동,129.104458,35.19995454
891,14,안락1동,129.104458,35.19995454
892,0,안락2동,129.1137123,35.19892333
893,1,안락2동,129.1137123,35.19892333
894,2,안락2동,129.1048051,35.20044714
895,3,안락2동,129.1048051,35.20044714
896,4,안락2동,129.1103674,35.20086498
897,5,안락2동,129.1103674,35.20086498
898,6,안락2동,129.1017337,35.19175875
899,7,안락2동,129.1025878,35.19157972
900,8,안락2동,129.1025878,35.19157972
901,9,안락2동,129.1014564,35.1923652
902,10,안락2동,129.1014564,35.1923652
903,0,명장1동,129.1129943,35.20022792
904,1,명장1동,129.1043943,35.20985229
905,2,명장1동,129.1043943,35.20985229
906,3,명장1동,129.1091046,35.20733043
907,4,명장1동,129.1057892,35.20985758
908,5,명장1동,129.1000378,35.20197782
909,6,명장1동,129.1047994,35.20083478
910,7,명장1동,129.10539690000002,35.21008651
911,8,명장1동,129.10539690000002,35.21008651
912,9,명장1동,129.1003068,35.20156975
913,10,명장1동,129.1003068,35.20156975
914,11,명장1동,129.1032538,35.20104718
915,12,명장1동,129.1032538,35.20104718
916,0,명장2동,129.0992145,35.20281457
917,1,명장2동,129.0992145,35.20281457
918,2,명장2동,129.1031501,35.20717751
919,3,명장2동,129.0937919,35.21364419
920,4,명장2동,129.0937919,35.21364419
921,5,명장2동,129.1021942,35.21202663
922,6,명장2동,129.1021942,35.21202663
923,7,명장2동,129.1006558,35.20382905
924,8,명장2동,129.1004223,35.20361484
925,9,명장2동,129.1004223,35.20361484
926,0,대연1동,129.0974242,35.13498342
927,1,대연1동,129.077778,35.12960715
928,2,대연1동,129.077778,35.12960715
929,3,대연1동,129.0979474,35.13064299
930,4,대연1동,129.080081,35.13367898
931,5,대연1동,129.0848681,35.13473592
932,6,대연1동,129.0848681,35.13473592
933,7,대연1동,129.09689129999998,35.13533979
934,8,대연1동,129.0975943,35.13049295
935,9,대연1동,129.0975943,35.13049295
936,10,대연1동,129.08099779999998,35.13413953
937,11,대연1동,129.08099779999998,35.13413953
938,12,대연1동,129.097283,35.13509287
939,13,대연1동,129.097283,35.13509287
940,0,대연3동,129.0958213,35.15947968
941,1,대연3동,129.0958213,35.15947968
942,2,대연3동,129.09717220000002,35.12519658
943,3,대연3동,129.09717220000002,35.12519658
944,4,대연3동,129.1051803,35.12918009
945,5,대연3동,129.1051803,35.12918009
946,6,대연3동,129.1011422,35.12589071
947,7,대연3동,129.1011422,35.12589071
948,0,대연4동,129.089604,35.12205589
949,1,대연4동,129.08809209999998,35.13294028
950,2,대연4동,129.0881795,35.12383542
951,3,대연4동,129.0881795,35.12383542
952,4,대연4동,129.0960938,35.12741475
953,5,대연4동,129.0929682,35.1299759
954,6,대연4동,129.0929682,35.1299759
955,0,대연5동,129.0925007,35.14179736
956,1,대연5동,129.0872543,35.13594944
957,2,대연5동,129.0884068,35.14257334
958,3,대연5동,129.0880666,35.13514893
959,4,대연5동,129.0880666,35.13514893
960,5,대연5동,129.0931939,35.135373200000004
961,6,대연5동,129.0931939,35.135373200000004
962,7,대연5동,129.08906480000002,35.14254039
963,8,대연5동,129.096814,35.1361247
964,9,대연5동,129.0950744,35.13568072
965,10,대연5동,129.0897544,35.14240799
966,11,대연5동,129.0897544,35.14240799
967,12,대연5동,129.09659309999998,35.13601853
968,13,대연5동,129.09659309999998,35.13601853
969,14,대연5동,129.0963838,35.13595733
970,15,대연5동,129.0963838,35.13595733
971,0,대연6동,129.0788382,35.14094626
972,1,대연6동,129.0878766,35.1357095
973,2,대연6동,129.0878766,35.1357095
974,3,대연6동,129.08291210000002,35.14032402
975,4,대연6동,129.08291210000002,35.14032402
976,5,대연6동,129.07732190000002,35.13746235
977,6,대연6동,129.0876161,35.13509889
978,7,대연6동,129.0791167,35.14125927
979,8,대연6동,129.0791167,35.14125927
980,9,대연6동,129.0803312,35.13517306
981,10,대연6동,129.0803312,35.13517306
982,11,대연6동,129.0848376,35.13491647
983,12,대연6동,129.0848376,35.13491647
984,0,용호1동,129.1112397,35.13424458
985,1,용호1동,129.1112397,35.13424458
986,2,용호1동,129.1118848,35.11954598
987,3,용호1동,129.1069341,35.11770739
988,4,용호1동,129.1079546,35.11691385
989,5,용호1동,129.1117127,35.1189887
990,6,용호1동,129.10701909999997,35.11749929
991,7,용호1동,129.10701909999997,35.11749929
992,8,용호1동,129.1106699,35.11651943
993,9,용호1동,129.1118159,35.11932127
994,10,용호1동,129.1118159,35.11932127
995,11,용호1동,129.10926840000002,35.11672156
996,12,용호1동,129.10926840000002,35.11672156
997,0,용호2동,129.1111886,35.11593778
998,1,용호2동,129.1111886,35.11593778
999,2,용호2동,129.1112786,35.11125873
1000,3,용호2동,129.1112786,35.11125873
1001,4,용호2동,129.1202754,35.10177438
1002,5,용호2동,129.1212652,35.10437026
1003,6,용호2동,129.1212652,35.10437026
1004,7,용호2동,129.1137119,35.11595068
1005,8,용호2동,129.117775,35.10179746
1006,9,용호2동,129.1132894,35.10344322
1007,10,용호2동,129.1117084,35.11624851
1008,11,용호2동,129.1117084,35.11624851
1009,12,용호2동,129.11302220000002,35.11605617
1010,13,용호2동,129.11302220000002,35.11605617
1011,14,용호2동,129.1167705,35.10213122
1012,15,용호2동,129.1167705,35.10213122
1013,0,용호3동,129.116218,35.11631523
1014,1,용호3동,129.1206933,35.13148941
1015,2,용호3동,129.1206933,35.13148941
1016,3,용호3동,129.1146007,35.11596955
1017,4,용호3동,129.1126404,35.12347813
1018,5,용호3동,129.1180949,35.13083737
1019,6,용호3동,129.1180949,35.13083737
1020,7,용호3동,129.1126753,35.12362204
1021,8,용호3동,129.1126753,35.12362204
1022,9,용호3동,129.11149129999998,35.11642176
1023,10,용호3동,129.11149129999998,35.11642176
1024,11,용호3동,129.1143598,35.11599881
1025,12,용호3동,129.1143598,35.11599881
1026,0,용호4동,129.1111371,35.12426712
1027,1,용호4동,129.1066769,35.11652891
1028,2,용호4동,129.1066769,35.11652891
1029,3,용호4동,129.1095264,35.10418982
1030,4,용호4동,129.1115378,35.10692065
1031,5,용호4동,129.1115378,35.10692065
1032,0,용당동,129.0899038,35.11079477
1033,1,용당동,129.0899038,35.11079477
1034,2,용당동,129.10024280000002,35.11611876
1035,3,용당동,129.0894577,35.11601786
1036,4,용당동,129.1009373,35.12534272
1037,5,용당동,129.093628,35.11039166
1038,6,용당동,129.093628,35.11039166
1039,7,용당동,129.0936365,35.12251534
1040,8,용당동,129.0936365,35.12251534
1041,9,용당동,129.09569879999998,35.12495752
1042,10,용당동,129.09569879999998,35.12495752
1043,0,감만1동,129.08131550000002,35.11999381
1044,1,감만1동,129.0791173,35.10803384
1045,2,감만1동,129.0875882,35.10741731
1046,3,감만1동,129.0875882,35.10741731
1047,4,감만1동,129.0875909,35.11505211
1048,5,감만1동,129.08327920000002,35.11915601
1049,6,감만1동,129.08327920000002,35.11915601
1050,7,감만1동,129.0874328,35.11553127
1051,8,감만1동,129.0874328,35.11553127
1052,0,감만2동,129.0821531,35.12443022
1053,1,감만2동,129.0834716,35.11960499
1054,2,감만2동,129.08747340000002,35.12106547
1055,3,감만2동,129.08767959999997,35.12420047
1056,4,감만2동,129.0811228,35.12201466
1057,5,감만2동,129.0811228,35.12201466
1058,6,감만2동,129.08712759999997,35.1206359
1059,7,감만2동,129.08712759999997,35.1206359
1060,8,감만2동,129.08790520000002,35.12383789
1061,9,감만2동,129.08790520000002,35.12383789
1062,0,우암동,129.080821,35.12325226
1063,1,우암동,129.07063259999998,35.13024738
1064,2,우암동,129.07063259999998,35.13024738
1065,3,우암동,129.0854537,35.12842993
1066,4,우암동,129.0854537,35.12842993
1067,5,우암동,129.0733416,35.12431026
1068,6,우암동,129.0678247,35.12696403
1069,7,우암동,129.0678247,35.12696403
1070,8,우암동,129.06908,35.12562791
1071,9,우암동,129.06908,35.12562791
1072,10,우암동,129.08041550000002,35.12328292
1073,11,우암동,129.08041550000002,35.12328292
1074,0,문현1동,129.0784022,35.14116648
1075,1,문현1동,129.0677934,35.14136859
1076,2,문현1동,129.0677934,35.14136859
1077,3,문현1동,129.073126,35.14884812
1078,4,문현1동,129.073126,35.14884812
1079,5,문현1동,129.0787662,35.14130746
1080,6,문현1동,129.0822457,35.14552199
1081,7,문현1동,129.0791452,35.14175478
1082,8,문현1동,129.0791452,35.14175478
1083,0,문현2동,129.0654372,35.14834809
1084,1,문현2동,129.0667738,35.13724017
1085,2,문현2동,129.0674738,35.13790104
1086,3,문현2동,129.0674738,35.13790104
1087,4,문현2동,129.0690229,35.148118200000006
1088,5,문현2동,129.0640273,35.14288902
1089,6,문현2동,129.0640273,35.14288902
1090,7,문현2동,129.06544820000002,35.14834799
1091,8,문현2동,129.06544820000002,35.14834799
1092,0,문현3동,129.07660729999998,35.13486367
1093,1,문현3동,129.071087,35.14232204
1094,2,문현3동,129.0679858,35.1384554
1095,3,문현3동,129.0683503,35.13780318
1096,4,문현3동,129.0683503,35.13780318
1097,5,문현3동,129.075918,35.13501402
1098,6,문현3동,129.075918,35.13501402
1099,7,문현3동,129.06851329999998,35.13767555
1100,8,문현3동,129.06851329999998,35.13767555
1101,9,문현3동,129.0761587,35.14329568
1102,10,문현3동,129.0753132,35.14325812
1103,11,문현3동,129.075742,35.14331741
1104,12,문현3동,129.075742,35.14331741
1105,13,문현3동,129.07544520000002,35.14328399
1106,14,문현3동,129.07544520000002,35.14328399
1107,0,문현4동,129.0685778,35.13086043
1108,1,문현4동,129.0764889,35.13087155
1109,2,문현4동,129.0764889,35.13087155
1110,3,문현4동,129.0665354,35.13662932
1111,4,문현4동,129.0697467,35.13046252
1112,5,문현4동,129.0697467,35.13046252
1113,6,문현4동,129.0693773,35.13662231
1114,7,문현4동,129.0733515,35.13593817
1115,8,문현4동,129.0733515,35.13593817
1116,9,문현4동,129.0721943,35.1363901
1117,10,문현4동,129.07000259999998,35.13660777
1118,11,문현4동,129.07000259999998,35.13660777
1119,12,문현4동,129.07161440000002,35.13651241
1120,13,문현4동,129.07161440000002,35.13651241
1121,0,구포1동,129.00012379999998,35.20989316
1122,1,구포1동,129.0073104,35.20931078
1123,2,구포1동,128.99702290000002,35.20599769
1124,3,구포1동,128.99702290000002,35.20599769
1125,4,구포1동,129.0037535,35.20230046
1126,5,구포1동,129.0037535,35.20230046
1127,6,구포1동,129.00499879999998,35.20978069
1128,7,구포1동,129.00499879999998,35.20978069
1129,0,구포2동,128.9910673,35.19398595
1130,1,구포2동,129.00031840000003,35.20606065
1131,2,구포2동,129.0029758,35.19620448
1132,3,구포2동,129.0029758,35.19620448
1133,4,구포2동,128.98828980000002,35.19675789999999
1134,5,구포2동,128.9964615,35.20589414
1135,6,구포2동,128.9964615,35.20589414
1136,7,구포2동,129.0038143,35.20188532
1137,8,구포2동,128.9882186,35.1963168
1138,9,구포2동,128.9882186,35.1963168
1139,10,구포2동,129.0048557,35.1999477
1140,11,구포2동,129.0048557,35.1999477
1141,0,구포3동,129.0053231,35.19421097
1142,1,구포3동,129.0053231,35.19421097
1143,2,구포3동,129.0139596,35.19466177
1144,3,구포3동,129.0058353,35.20368936
1145,4,구포3동,129.0150597,35.19835727
1146,5,구포3동,129.0150597,35.19835727
1147,6,구포3동,129.0151986,35.19539955
1148,7,구포3동,129.0151986,35.19539955
1149,8,구포3동,129.00638429999998,35.20368479
1150,9,구포3동,129.0061211,35.20371402
1151,10,구포3동,129.00597820000002,35.203706200000006
1152,11,구포3동,129.00597820000002,35.203706200000006
1153,0,금곡동,129.0133442,35.24145797
1154,1,금곡동,129.0133798,35.26021546
1155,2,금곡동,129.0217829,35.26514745
1156,3,금곡동,129.0217829,35.26514745
1157,4,금곡동,129.0106132,35.24539281
1158,5,금곡동,129.0106132,35.24539281
1159,6,금곡동,129.01111509999998,35.24245011
1160,7,금곡동,129.01111509999998,35.24245011
1161,8,금곡동,129.0157392,35.24761237
1162,9,금곡동,129.0157392,35.24761237
1163,10,금곡동,129.0119494,35.25654077
1164,11,금곡동,129.0119494,35.25654077
1165,0,화명1동,129.00913789999998,35.21942717
1166,1,화명1동,129.0142642,35.22445914
1167,2,화명1동,129.0142642,35.22445914
1168,3,화명1동,129.0140992,35.23415043
1169,4,화명1동,129.0140992,35.23415043
1170,5,화명1동,129.01736029999998,35.23664694
1171,6,화명1동,129.0087646,35.22121503
1172,7,화명1동,129.0087646,35.22121503
1173,8,화명1동,129.018485,35.23609665
1174,9,화명1동,129.018485,35.23609665
1175,0,화명2동,129.0142947,35.23485187
1176,1,화명2동,129.0383074,35.25183762
1177,2,화명2동,129.0141156,35.23546631
1178,3,화명2동,129.01314509999997,35.24665161
1179,4,화명2동,129.01314509999997,35.24665161
1180,5,화명2동,129.0142102,35.235123
1181,6,화명2동,129.0142102,35.235123
1182,0,화명3동,129.0076684,35.23472694
1183,1,화명3동,129.0118894,35.22871554
1184,2,화명3동,129.0134741,35.23865358
1185,3,화명3동,129.0134741,35.23865358
1186,4,화명3동,129.00865420000002,35.2362601
1187,5,화명3동,129.00695420000002,35.22049097
1188,6,화명3동,129.0099731,35.23718654
1189,7,화명3동,129.0099731,35.23718654
1190,8,화명3동,129.0088098,35.22308954
1191,9,화명3동,129.00844080000002,35.22256981
1192,10,화명3동,129.00844080000002,35.22256981
1193,0,덕천1동,129.0110719,35.21063151
1194,1,덕천1동,129.0110719,35.21063151
1195,2,덕천1동,129.024163,35.21233327
1196,3,덕천1동,129.024163,35.21233327
1197,4,덕천1동,129.0098416,35.21504957
1198,5,덕천1동,129.0098416,35.21504957
1199,6,덕천1동,129.0211483,35.21804649
1200,7,덕천1동,129.0237927,35.21607716
1201,8,덕천1동,129.0237927,35.21607716
1202,0,덕천2동,129.0031287,35.21042717
1203,1,덕천2동,129.0078332,35.22140307
1204,2,덕천2동,129.0078332,35.22140307
1205,3,덕천2동,129.0171803,35.20902095
1206,4,덕천2동,129.0171803,35.20902095
1207,5,덕천2동,129.0103858,35.20667113
1208,6,덕천2동,129.00389199999998,35.20997916
1209,7,덕천2동,129.00389199999998,35.20997916
1210,0,덕천3동,129.0115065,35.20936594
1211,1,덕천3동,129.0226525,35.21011961
1212,2,덕천3동,129.0226525,35.21011961
1213,3,덕천3동,129.0113375,35.20990818
1214,4,덕천3동,129.0113375,35.20990818
1215,5,덕천3동,129.0220284,35.21202681
1216,6,덕천3동,129.0116841,35.21040105
1217,7,덕천3동,129.0116841,35.21040105
1218,8,덕천3동,129.0175781,35.21185698
1219,9,덕천3동,129.0175781,35.21185698
1220,10,덕천3동,129.0181279,35.21190644
1221,11,덕천3동,129.0181279,35.21190644
1222,12,덕천3동,129.02150120000002,35.21202225
1223,13,덕천3동,129.02150120000002,35.21202225
1224,0,만덕1동,129.02846350000002,35.21629898
1225,1,만덕1동,129.0295,35.21313531
1226,2,만덕1동,129.0295,35.21313531
1227,3,만덕1동,129.04895530000002,35.21173342
1228,4,만덕1동,129.04895530000002,35.21173342
1229,5,만덕1동,129.026024,35.21533716
1230,6,만덕1동,129.0243401,35.21418863
1231,7,만덕1동,129.0243401,35.21418863
1232,0,만덕2동,129.0449925,35.21189388
1233,1,만덕2동,129.0337626,35.20282318
1234,2,만덕2동,129.0435605,35.20727311
1235,3,만덕2동,129.032055,35.20760609
1236,4,만덕2동,129.032055,35.20760609
1237,5,만덕2동,129.0341092,35.21283463
1238,6,만덕2동,129.0341092,35.21283463
1239,7,만덕2동,129.047207,35.21157729
1240,8,만덕2동,129.047207,35.21157729
1241,9,만덕2동,129.0321316,35.20410805
1242,10,만덕2동,129.0474043,35.21069223
1243,11,만덕2동,129.0474043,35.21069223
1244,12,만덕2동,129.033077,35.20331578
1245,13,만덕2동,129.033077,35.20331578
1246,0,만덕3동,129.0307459,35.20742795
1247,1,만덕3동,129.02521409999997,35.21294634
1248,2,만덕3동,129.0243767,35.21272808
1249,3,만덕3동,129.0243767,35.21272808
1250,4,만덕3동,129.02363219999998,35.21029161
1251,5,만덕3동,129.02813840000002,35.20793686
1252,6,만덕3동,129.02813840000002,35.20793686
1253,7,만덕3동,129.023643,35.21028251
1254,8,만덕3동,129.023643,35.21028251
1255,0,우1동,129.1642211,35.17933004
1256,1,우1동,129.15139109999998,35.15235716
1257,2,우1동,129.160311,35.15912257
1258,3,우1동,129.16366440000002,35.17108778
1259,4,우1동,129.16249779999998,35.16547437
1260,5,우1동,129.160928,35.16082928
1261,6,우1동,129.1607679,35.16038012
1262,7,우1동,129.1607679,35.16038012
1263,0,우2동,129.12961950000002,35.16526261
1264,1,우2동,129.12961950000002,35.16526261
1265,2,우2동,129.1412385,35.16330588
1266,3,우2동,129.1412385,35.16330588
1267,4,우2동,129.1435543,35.17270348
1268,5,우2동,129.1435543,35.17270348
1269,6,우2동,129.1273822,35.17494629
1270,7,우2동,129.1312039,35.17583908
1271,8,우2동,129.1312039,35.17583908
1272,9,우2동,129.1264236,35.17390059
1273,10,우2동,129.1270267,35.17464313
1274,11,우2동,129.1270267,35.17464313
1275,0,중1동,129.1626619,35.16543674
1276,1,중1동,129.1626619,35.16543674
1277,2,중1동,129.17587350000002,35.16741844
1278,3,중1동,129.1610146,35.15920596
1279,4,중1동,129.1755876,35.15746999
1280,5,중1동,129.1755876,35.15746999
1281,6,중1동,129.1608697,35.15982029
1282,7,중1동,129.1608697,35.15982029
1283,8,중1동,129.1723023,35.1725188
1284,9,중1동,129.1723023,35.1725188
1285,10,중1동,129.17407340000003,35.17048256
1286,11,중1동,129.17407340000003,35.17048256
1287,0,중2동,129.1838351,35.16461873
1288,1,중2동,129.1818237,35.16443106
1289,2,중2동,129.1747816,35.15866763
1290,3,중2동,129.1939858,35.1614364
1291,4,중2동,129.18168740000002,35.15728445
1292,5,중2동,129.1725919,35.1613389
1293,6,중2동,129.1725919,35.1613389
1294,7,중2동,129.1725746,35.16089739
1295,8,중2동,129.1782093,35.15660623
1296,9,중2동,129.1782093,35.15660623
1297,10,중2동,129.17722659999998,35.15695831
1298,11,중2동,129.17722659999998,35.15695831
1299,12,중2동,129.1936503,35.16100704
1300,13,중2동,129.1811363,35.15712758
1301,14,중2동,129.17451119999998,35.15894066
1302,15,중2동,129.17451119999998,35.15894066
1303,16,중2동,129.19351709999998,35.1609092
1304,17,중2동,129.19351709999998,35.1609092
1305,18,중2동,129.18129059999998,35.15717114
1306,19,중2동,129.18129059999998,35.15717114
1307,0,좌1동,129.1715993,35.17325572
1308,1,좌1동,129.1715993,35.17325572
1309,2,좌1동,129.17936840000002,35.17151278
1310,3,좌1동,129.1781868,35.17635566
1311,4,좌1동,129.1781868,35.17635566
1312,5,좌1동,129.1769747,35.16994963
1313,6,좌1동,129.1769747,35.16994963
1314,7,좌1동,129.1721237,35.17690123
1315,8,좌1동,129.1757986,35.17746953
1316,9,좌1동,129.1757986,35.17746953
1317,10,좌1동,129.1713837,35.1765929
1318,11,좌1동,129.1713837,35.1765929
1319,0,좌2동,129.1848386,35.1740193
1320,1,좌2동,129.1777642,35.1630374
1321,2,좌2동,129.1757619,35.16881666
1322,3,좌2동,129.1834465,35.16507322
1323,4,좌2동,129.1753402,35.16850527
1324,5,좌2동,129.1753402,35.16850527
1325,6,좌2동,129.1857111,35.16606062
1326,7,좌2동,129.1857111,35.16606062
1327,0,좌3동,129.1646499,35.17322359
1328,1,좌3동,129.1646499,35.17322359
1329,2,좌3동,129.17070159999997,35.17572516
1330,3,좌3동,129.1631562,35.16700039
1331,4,좌3동,129.1709526,35.17102655
1332,5,좌3동,129.1709526,35.17102655
1333,6,좌3동,129.1698581,35.17661666
1334,7,좌3동,129.1698581,35.17661666
1335,8,좌3동,129.1660842,35.16680098
1336,9,좌3동,129.1660842,35.16680098
1337,0,좌4동,129.1757695,35.18535686
1338,1,좌4동,129.1699652,35.17872485
1339,2,좌4동,129.1785807,35.18234598
1340,3,좌4동,129.1821932,35.17327898
1341,4,좌4동,129.1821932,35.17327898
1342,5,좌4동,129.1814988,35.17763941
1343,6,좌4동,129.1822807,35.17628872
1344,7,좌4동,129.1822807,35.17628872
1345,0,송정동,129.2059538,35.18177906
1346,1,송정동,129.2054109,35.19631459
1347,2,송정동,129.1966837,35.16802588
1348,3,송정동,129.1966837,35.16802588
1349,4,송정동,129.2066026,35.19002016
1350,5,송정동,129.2066026,35.19002016
1351,6,송정동,129.2060794,35.19696593
1352,7,송정동,129.20636509999997,35.19623297
1353,8,송정동,129.20636509999997,35.19623297
1354,0,반여1동,129.1301148,35.2192777
1355,1,반여1동,129.1209523,35.21594667
1356,2,반여1동,129.11710549999998,35.19090584
1357,3,반여1동,129.11710549999998,35.19090584
1358,4,반여1동,129.1319949,35.20279197
1359,5,반여1동,129.1319949,35.20279197
1360,6,반여1동,129.1157231,35.1966063
1361,7,반여1동,129.1157231,35.1966063
1362,0,반여2동,129.1338225,35.19838516
1363,1,반여2동,129.1253532,35.19500287
1364,2,반여2동,129.131849,35.19861094
1365,3,반여2동,129.131849,35.19861094
1366,4,반여2동,129.1302787,35.19385731
1367,5,반여2동,129.1302787,35.19385731
1368,6,반여2동,129.13198300000002,35.19402167
1369,7,반여2동,129.13198300000002,35.19402167
1370,8,반여2동,129.1249282,35.19443895
1371,9,반여2동,129.1249282,35.19443895
1372,0,반여3동,129.1298008,35.19899062
1373,1,반여3동,129.1345088,35.19956855
1374,2,반여3동,129.1345088,35.19956855
1375,3,반여3동,129.12997099999998,35.20017885
1376,4,반여3동,129.12997099999998,35.20017885
1377,5,반여3동,129.1347581,35.20249570000001
1378,6,반여3동,129.1347581,35.20249570000001
1379,7,반여3동,129.13094089999998,35.19885378
1380,8,반여3동,129.1301735,35.19894207
1381,9,반여3동,129.1301735,35.19894207
1382,0,반여4동,129.1142294,35.20221763
1383,1,반여4동,129.1142294,35.20221763
1384,2,반여4동,129.1124206,35.20486629
1385,3,반여4동,129.1124206,35.20486629
1386,4,반여4동,129.11946899999998,35.20791108
1387,5,반여4동,129.11946899999998,35.20791108
1388,6,반여4동,129.1159241,35.2016702
1389,7,반여4동,129.1159241,35.2016702
1390,8,반여4동,129.1196009,35.21111877
1391,9,반여4동,129.1196009,35.21111877
1392,10,반여4동,129.1178496,35.21395627
1393,11,반여4동,129.1178496,35.21395627
1394,0,반송1동,129.119589,35.21824878
1395,1,반송1동,129.119589,35.21824878
1396,2,반송1동,129.1530228,35.21972870000001
1397,3,반송1동,129.1530228,35.21972870000001
1398,4,반송1동,129.1493742,35.22972357
1399,5,반송1동,129.1493742,35.22972357
1400,6,반송1동,129.1505163,35.22969469
1401,7,반송1동,129.1501001,35.22977977
1402,8,반송1동,129.15002320000002,35.2297805
1403,9,반송1동,129.15002320000002,35.2297805
1404,0,반송2동,129.16081709999997,35.2356175
1405,1,반송2동,129.1636909,35.22683759
1406,2,반송2동,129.1636909,35.22683759
1407,3,반송2동,129.1422236,35.23762419
1408,4,반송2동,129.1422236,35.23762419
1409,5,반송2동,129.14365039999998,35.23516799
1410,6,반송2동,129.14365039999998,35.23516799
1411,7,반송2동,129.16069140000002,35.22679428
1412,8,반송2동,129.16069140000002,35.22679428
1413,0,재송1동,129.1287518,35.18825595
1414,1,재송1동,129.1263223,35.17530769
1415,2,재송1동,129.1263223,35.17530769
1416,3,재송1동,129.1178433,35.19266574
1417,4,재송1동,129.1178433,35.19266574
1418,5,재송1동,129.11639540000002,35.19036254
1419,6,재송1동,129.11639540000002,35.19036254
1420,7,재송1동,129.1219243,35.17721437
1421,8,재송1동,129.1219243,35.17721437
1422,0,재송2동,129.1212375,35.18795619
1423,1,재송2동,129.1212375,35.18795619
1424,2,재송2동,129.1343901,35.19024039
1425,3,재송2동,129.1209646,35.19206902
1426,4,재송2동,129.13415700000002,35.19401034
1427,5,재송2동,129.13415700000002,35.19401034
1428,6,재송2동,129.1300381,35.18679273
1429,7,재송2동,129.1300381,35.18679273
1430,8,재송2동,129.12335349999998,35.19331783
1431,9,재송2동,129.12335349999998,35.19331783
1432,0,괴정1동,128.98929579999998,35.10573534
1433,1,괴정1동,128.9924153,35.10247379
1434,2,괴정1동,128.9851165,35.09478121
1435,3,괴정1동,128.9851165,35.09478121
1436,4,괴정1동,128.9926313,35.09314246
1437,5,괴정1동,128.9934684,35.09886855
1438,6,괴정1동,128.9934684,35.09886855
1439,7,괴정1동,128.9936285,35.09669485
1440,8,괴정1동,128.9936285,35.09669485
1441,9,괴정1동,128.993111,35.09471599
1442,10,괴정1동,128.993111,35.09471599
1443,0,괴정2동,128.9990004,35.10729631
1444,1,괴정2동,129.0013992,35.09893852
1445,2,괴정2동,129.0078502,35.10710588
1446,3,괴정2동,129.0078502,35.10710588
1447,4,괴정2동,128.9987379,35.10646017
1448,5,괴정2동,128.9987379,35.10646017
1449,6,괴정2동,129.0043809,35.10059949
1450,7,괴정2동,129.0043809,35.10059949
1451,0,괴정3동,128.9931875,35.09378692
1452,1,괴정3동,128.99607269999998,35.09565621
1453,2,괴정3동,128.99607269999998,35.09565621
1454,3,괴정3동,128.9972606,35.10674275
1455,4,괴정3동,128.9985614,35.10637148
1456,5,괴정3동,128.9985614,35.10637148
1457,6,괴정3동,128.992983,35.10225281
1458,7,괴정3동,128.992983,35.10225281
1459,0,괴정4동,128.98484879999998,35.10626732
1460,1,괴정4동,128.98638459999998,35.10081033
1461,2,괴정4동,128.98638459999998,35.10081033
1462,3,괴정4동,128.9777357,35.09664377
1463,4,괴정4동,128.9777357,35.09664377
1464,5,괴정4동,128.9861334,35.09726083
1465,6,괴정4동,128.9844675,35.09553465
1466,7,괴정4동,128.9844675,35.09553465
1467,8,괴정4동,128.9864868,35.09836669
1468,9,괴정4동,128.9864868,35.09836669
1469,0,당리동,128.9730694,35.1008368
1470,1,당리동,128.9770303,35.11014353
1471,2,당리동,128.9843284,35.11041802
1472,3,당리동,128.9843284,35.11041802
1473,4,당리동,128.96905990000002,35.10588075
1474,5,당리동,128.98347990000002,35.10370942
1475,6,당리동,128.9791436,35.09973325
1476,7,당리동,128.9698885,35.10730736
1477,8,당리동,128.968952,35.10603485
1478,9,당리동,128.968952,35.10603485
1479,10,당리동,128.9832898,35.10340448
1480,11,당리동,128.9769686,35.0985339
1481,12,당리동,128.9769686,35.0985339
1482,13,당리동,128.9692007,35.10665484
1483,14,당리동,128.9692007,35.10665484
1484,15,당리동,128.983145,35.10322538
1485,16,당리동,128.983145,35.10322538
1486,0,하단1동,128.96763470000002,35.10594622
1487,1,하단1동,128.9616224,35.09836813
1488,2,하단1동,128.9569634,35.10420106
1489,3,하단1동,128.97155039999998,35.101308700000004
1490,4,하단1동,128.97155039999998,35.101308700000004
1491,5,하단1동,128.9571316,35.10451523
1492,6,하단1동,128.9571316,35.10451523
1493,7,하단1동,128.9732361,35.10286364
1494,8,하단1동,128.9687697,35.10545941
1495,9,하단1동,128.9732553,35.10263813
1496,10,하단1동,128.9732553,35.10263813
1497,11,하단1동,128.9684642,35.10559706
1498,12,하단1동,128.9684642,35.10559706
1499,0,하단2동,128.9622473,35.11980768
1500,1,하단2동,128.9681051,35.11882358
1501,2,하단2동,128.9681051,35.11882358
1502,3,하단2동,128.9474457,35.10826906
1503,4,하단2동,128.9474457,35.10826906
1504,5,하단2동,128.9689744,35.10699918
1505,6,하단2동,128.9689744,35.10699918
1506,7,하단2동,128.96626659999998,35.10620051
1507,8,하단2동,128.96626659999998,35.10620051
1508,0,신평1동,128.9682423,35.08590303
1509,1,신평1동,128.9713531,35.09484718
1510,2,신평1동,128.9713531,35.09484718
1511,3,신평1동,128.9815663,35.09322352
1512,4,신평1동,128.9815663,35.09322352
1513,5,신평1동,128.9693786,35.08555141
1514,6,신평1동,128.9827096,35.08521876
1515,7,신평1동,128.9700254,35.08552821
1516,8,신평1동,128.9700254,35.08552821
1517,0,신평2동,128.9557527,35.08128772
1518,1,신평2동,128.9675497,35.0978252
1519,2,신평2동,128.9563031,35.09838316
1520,3,신평2동,128.9563031,35.09838316
1521,4,신평2동,128.95709979999998,35.09898082
1522,5,신평2동,128.95709979999998,35.09898082
1523,6,신평2동,128.9660505,35.08416275
1524,7,신평2동,128.9660505,35.08416275
1525,8,신평2동,128.96711100000002,35.09875715
1526,9,신평2동,128.96711100000002,35.09875715
1527,0,장림1동,128.9680582,35.08517435
1528,1,장림1동,128.9529852,35.07433255
1529,2,장림1동,128.9529852,35.07433255
1530,3,장림1동,128.9621791,35.071988399999995
1531,4,장림1동,128.9621791,35.071988399999995
1532,5,장림1동,128.9746151,35.08417535
1533,6,장림1동,128.9723415,35.08479755
1534,7,장림1동,128.9695156,35.08508158
1535,8,장림1동,128.9683214,35.08517225
1536,9,장림1동,128.9683214,35.08517225
1537,0,장림2동,128.9778475,35.08487947
1538,1,장림2동,128.9832497,35.08453832
1539,2,장림2동,128.96795490000002,35.07920783
1540,3,장림2동,128.96795490000002,35.07920783
1541,4,장림2동,128.9726148,35.06901163
1542,5,장림2동,128.9842431,35.07319953
1543,6,장림2동,128.9842431,35.07319953
1544,7,장림2동,128.9772697,35.06861365
1545,8,장림2동,128.9772697,35.06861365
1546,9,장림2동,128.968234,35.08055772
1547,10,장림2동,128.9843186,35.07401019
1548,11,장림2동,128.9843186,35.07401019
1549,12,장림2동,128.9742382,35.06815127
1550,13,장림2동,128.9742382,35.06815127
1551,14,장림2동,128.9680091,35.08009078
1552,15,장림2동,128.9680091,35.08009078
1553,16,장림2동,128.96814469999998,35.08042322
1554,17,장림2동,128.9681221,35.08036932
1555,18,장림2동,128.9681221,35.08036932
1556,0,다대1동,128.9692642,35.04526813
1557,1,다대1동,128.9755912,35.06115444
1558,2,다대1동,128.9755912,35.06115444
1559,3,다대1동,128.9614921,35.04987311
1560,4,다대1동,128.9580979,35.05583129
1561,5,다대1동,128.9553837,35.06468657
1562,6,다대1동,128.9574294,35.05772954
1563,7,다대1동,128.9574294,35.05772954
1564,0,다대2동,128.9791651,35.05839436
1565,1,다대2동,128.9777643,35.06778937
1566,2,다대2동,128.9867552,35.06328161
1567,3,다대2동,128.9867552,35.06328161
1568,4,다대2동,128.9824742,35.0600893
1569,5,다대2동,128.9824742,35.0600893
1570,6,다대2동,128.9786088,35.06873806
1571,7,다대2동,128.9786088,35.06873806
1572,0,구평동,128.99991200000002,35.04807520000001
1573,1,구평동,128.99694309999998,35.08427328
1574,2,구평동,128.9830041,35.07229014
1575,3,구평동,128.9830041,35.07229014
1576,4,구평동,128.9872686,35.08770567
1577,5,구평동,128.99720420000003,35.05164906
1578,6,구평동,128.99720420000003,35.05164906
1579,7,구평동,128.9947999,35.08748187
1580,8,구평동,128.9947999,35.08748187
1581,9,구평동,128.9850515,35.08755244
1582,10,구평동,128.9850515,35.08755244
1583,0,감천1동,128.9954842,35.09416470000001
1584,1,감천1동,128.9954842,35.09416470000001
1585,2,감천1동,129.0077981,35.08951087
1586,3,감천1동,129.0060019,35.07897931
1587,4,감천1동,129.0060019,35.07897931
1588,5,감천1동,129.01112759999998,35.08204654
1589,6,감천1동,129.01112759999998,35.08204654
1590,7,감천1동,128.9944438,35.08886395
1591,8,감천1동,128.9944438,35.08886395
1592,9,감천1동,128.9974273,35.08530592
1593,10,감천1동,128.9974273,35.08530592
1594,0,감천2동,129.008695,35.09911241
1595,1,감천2동,129.0105282,35.09834898
1596,2,감천2동,129.0105282,35.09834898
1597,3,감천2동,129.005868,35.08950887
1598,4,감천2동,129.005868,35.08950887
1599,5,감천2동,129.0091956,35.09077925
1600,6,감천2동,129.0091956,35.09077925
1601,7,감천2동,129.00780859999998,35.09748823
1602,8,감천2동,129.00780859999998,35.09748823
1603,0,서1동,129.0959802,35.21547223
1604,1,서1동,129.0959802,35.21547223
1605,2,서1동,129.0988878,35.21524757
1606,3,서1동,129.094906,35.2172757
1607,4,서1동,129.094906,35.2172757
1608,5,서1동,129.0999065,35.21667152
1609,6,서1동,129.1000659,35.21952744
1610,7,서1동,129.1000659,35.21952744
1611,8,서1동,129.09932609999998,35.22005696
1612,9,서1동,129.09932609999998,35.22005696
1613,10,서1동,129.0995696,35.21612474
1614,11,서1동,129.0995696,35.21612474
1615,0,서2동,129.1042842,35.21063749
1616,1,서2동,129.1042842,35.21063749
1617,2,서2동,129.0996898,35.21607857
1618,3,서2동,129.0996898,35.21607857
1619,4,서2동,129.1081634,35.2140363
1620,5,서2동,129.1088862,35.21227199
1621,6,서2동,129.1088862,35.21227199
1622,7,서2동,129.1075368,35.21076102
1623,8,서2동,129.1075368,35.21076102
1624,9,서2동,129.1085336,35.21379856
1625,10,서2동,129.1085336,35.21379856
1626,0,서3동,129.1086018,35.21478043
1627,1,서3동,129.1007534,35.2191967
1628,2,서3동,129.1084428,35.22085718
1629,3,서3동,129.1083544,35.21435004
1630,4,서3동,129.1083544,35.21435004
1631,5,서3동,129.1026676,35.22023389
1632,6,서3동,129.1103949,35.21901851
1633,7,서3동,129.1103949,35.21901851
1634,8,서3동,129.1002505,35.21611855
1635,9,서3동,129.1002505,35.21611855
1636,10,서3동,129.1013311,35.21561297
1637,11,서3동,129.1032883,35.21496418
1638,12,서3동,129.1009307,35.21931226
1639,13,서3동,129.1009307,35.21931226
1640,14,서3동,129.10196470000002,35.21536383
1641,15,서3동,129.10773909999997,35.21433764
1642,16,서3동,129.10773909999997,35.21433764
1643,17,서3동,129.1072236,35.21438743
1644,18,서3동,129.10273,35.21509546
1645,19,서3동,129.10273,35.21509546
1646,20,서3동,129.1015168,35.21553917
1647,21,서3동,129.1015168,35.21553917
1648,22,서3동,129.1048449,35.21473365
1649,23,서3동,129.1048449,35.21473365
1650,0,부곡1동,129.096158,35.22543087
1651,1,부곡1동,129.096158,35.22543087
1652,2,부곡1동,129.0958119,35.22174736
1653,3,부곡1동,129.0893327,35.22597923
1654,4,부곡1동,129.0893327,35.22597923
1655,5,부곡1동,129.0893169,35.22150852
1656,6,부곡1동,129.0885865,35.22192072
1657,7,부곡1동,129.0891195,35.22152833
1658,8,부곡1동,129.0891195,35.22152833
1659,0,부곡2동,129.0899461,35.23487933
1660,1,부곡2동,129.0940273,35.23527517
1661,2,부곡2동,129.08957479999998,35.2317639
1662,3,부곡2동,129.08957479999998,35.2317639
1663,4,부곡2동,129.0934564,35.23530737
1664,5,부곡2동,129.0934564,35.23530737
1665,6,부곡2동,129.0899328,35.22649662
1666,7,부곡2동,129.0899328,35.22649662
1667,8,부곡2동,129.0915627,35.22597717
1668,9,부곡2동,129.0915627,35.22597717
1669,10,부곡2동,129.0955819,35.22588677
1670,11,부곡2동,129.0955819,35.22588677
1671,12,부곡2동,129.0927466,35.22579522
1672,13,부곡2동,129.0927466,35.22579522
1673,0,부곡3동,129.09100990000002,35.24294608
1674,1,부곡3동,129.1176562,35.2487151
1675,2,부곡3동,129.1176562,35.2487151
1676,3,부곡3동,129.0890802,35.23667185
1677,4,부곡3동,129.0913111,35.23508336
1678,5,부곡3동,129.0913111,35.23508336
1679,6,부곡3동,129.11725959999998,35.24783542
1680,7,부곡3동,129.11725959999998,35.24783542
1681,8,부곡3동,129.0928333,35.23553834
1682,9,부곡3동,129.0928333,35.23553834
1683,10,부곡3동,129.0886898,35.23952371
1684,11,부곡3동,129.0897078,35.2417049
1685,12,부곡3동,129.0897078,35.2417049
1686,13,부곡3동,129.0886573,35.23791054
1687,14,부곡3동,129.0886428,35.23846952
1688,15,부곡3동,129.0886428,35.23846952
1689,16,부곡3동,129.0886483,35.23806385
1690,17,부곡3동,129.0886483,35.23806385
1691,0,부곡4동,129.0880163,35.22199795
1692,1,부곡4동,129.0924309,35.22191313
1693,2,부곡4동,129.08644750000002,35.21719867
1694,3,부곡4동,129.08644750000002,35.21719867
1695,4,부곡4동,129.0957617,35.2180161
1696,5,부곡4동,129.0877934,35.22175658
1697,6,부곡4동,129.0877934,35.22175658
1698,7,부곡4동,129.09142169999998,35.22201237
1699,8,부곡4동,129.09142169999998,35.22201237
1700,9,부곡4동,129.0955166,35.21775692
1701,10,부곡4동,129.0955166,35.21775692
1702,0,장전1동,129.0837013,35.24361567
1703,1,장전1동,129.0874563,35.23189112
1704,2,장전1동,129.0885526,35.2415891
1705,3,장전1동,129.0858511,35.24333499999999
1706,4,장전1동,129.08858529999998,35.23170069
1707,5,장전1동,129.0891527,35.23387692
1708,6,장전1동,129.0891527,35.23387692
1709,7,장전1동,129.0859494,35.24328905
1710,8,장전1동,129.0859494,35.24328905
1711,9,장전1동,129.08872069999998,35.23196989
1712,10,장전1동,129.0890555,35.23318374
1713,11,장전1동,129.0890555,35.23318374
1714,0,장전2동,129.07332240000002,35.23642502
1715,1,장전2동,129.07554059999998,35.22719322
1716,2,장전2동,129.0867541,35.22207239
1717,3,장전2동,129.0873678,35.2326671
1718,4,장전2동,129.0814126,35.22349933
1719,5,장전2동,129.08672009999998,35.22199157
1720,6,장전2동,129.08672009999998,35.22199157
1721,7,장전2동,129.0886698,35.23144755
1722,8,장전2동,129.0849549,35.22224176
1723,9,장전2동,129.0849549,35.22224176
1724,10,장전2동,129.0887659,35.23123936
1725,11,장전2동,129.0887659,35.23123936
1726,0,선두구동,129.1031408,35.2989555
1727,1,선두구동,129.1121921,35.30316311
1728,2,선두구동,129.1004301,35.26520586
1729,3,선두구동,129.11469920000002,35.2799208
1730,4,선두구동,129.11469920000002,35.2799208
1731,5,선두구동,129.1053548,35.3032979
1732,6,선두구동,129.1140986,35.29946799
1733,7,선두구동,129.1102936,35.26558446
1734,8,선두구동,129.1047568,35.30217666
1735,9,선두구동,129.1047568,35.30217666
1736,10,선두구동,129.11455729999997,35.29843620000001
1737,11,선두구동,129.11455729999997,35.29843620000001
1738,12,선두구동,129.1136095,35.26696013
1739,13,선두구동,129.1136095,35.26696013
1740,0,청룡노포동,129.072983,35.28237117
1741,1,청룡노포동,129.0886242,35.27324474
1742,2,청룡노포동,129.0886242,35.27324474
1743,3,청룡노포동,129.09616709999997,35.27263581
1744,4,청룡노포동,129.09616709999997,35.27263581
1745,5,청룡노포동,129.0949932,35.29565843
1746,6,청룡노포동,129.0949932,35.29565843
1747,0,남산동,129.0847014,35.27579481
1748,1,남산동,129.080517,35.26612446
1749,2,남산동,129.080517,35.26612446
1750,3,남산동,129.09421909999998,35.26427068
1751,4,남산동,129.0880987,35.275043200000006
1752,5,남산동,129.0925194,35.25800346
1753,6,남산동,129.0873438,35.27530237
1754,7,남산동,129.0933953,35.26103318
1755,8,남산동,129.0933953,35.26103318
1756,9,남산동,129.0874533,35.27527435
1757,10,남산동,129.0874533,35.27527435
1758,0,구서1동,129.0854195,35.24392477
1759,1,구서1동,129.1018311,35.25503463
1760,2,구서1동,129.0914862,35.24323023
1761,3,구서1동,129.0838817,35.24643536
1762,4,구서1동,129.0838817,35.24643536
1763,5,구서1동,129.092579,35.25262172
1764,6,구서1동,129.092579,35.25262172
1765,7,구서1동,129.0873144,35.24266386
1766,8,구서1동,129.10160459999997,35.25454094
1767,9,구서1동,129.10160459999997,35.25454094
1768,10,구서1동,129.0950249,35.24574014
1769,11,구서1동,129.0864319,35.24322162
1770,12,구서1동,129.0864319,35.24322162
1771,13,구서1동,129.0985762,35.248358
1772,14,구서1동,129.0985762,35.248358
1773,0,구서2동,129.0909982,35.26011739
1774,1,구서2동,129.0909982,35.26011739
1775,2,구서2동,129.0872,35.24973168
1776,3,구서2동,129.0910067,35.25172551
1777,4,구서2동,129.0838355,35.25864942
1778,5,구서2동,129.0838355,35.25864942
1779,6,구서2동,129.0842741,35.26270168
1780,7,구서2동,129.0840483,35.2523469
1781,8,구서2동,129.0840483,35.2523469
1782,9,구서2동,129.0939087,35.25507947
1783,10,구서2동,129.08446709999998,35.26316867
1784,11,구서2동,129.08446709999998,35.26316867
1785,12,구서2동,129.0941895,35.25634787
1786,13,구서2동,129.0941895,35.25634787
1787,0,금성동,129.0587524,35.23542662
1788,1,금성동,129.0548282,35.25816664
1789,2,금성동,129.05171979999997,35.24382571
1790,3,금성동,129.05171979999997,35.24382571
1791,4,금성동,129.0609108,35.24846871
1792,5,금성동,129.0609108,35.24846871
1793,0,대저1동,128.9393223,35.19845465
1794,1,대저1동,128.9393223,35.19845465
1795,2,대저1동,128.9388071,35.20235269
1796,3,대저1동,128.9388071,35.20235269
1797,4,대저1동,128.9808637,35.22848417
1798,5,대저1동,128.9808637,35.22848417
1799,6,대저1동,128.9825876,35.20927958
1800,7,대저1동,128.99205659999998,35.22386798
1801,8,대저1동,128.99205659999998,35.22386798
1802,9,대저1동,128.9892545,35.21654458
1803,10,대저1동,128.985503,35.21150035
1804,11,대저1동,128.985503,35.21150035
1805,12,대저1동,128.9907078,35.21954334
1806,13,대저1동,128.9907078,35.21954334
1807,0,대저2동,128.9357991,35.11906828
1808,1,대저2동,128.9357991,35.11906828
1809,2,대저2동,128.9215381,35.16686197
1810,3,대저2동,128.9215381,35.16686197
1811,4,대저2동,128.95331059999998,35.19828224
1812,5,대저2동,128.95331059999998,35.19828224
1813,6,대저2동,128.9633118,35.19524652
1814,7,대저2동,128.9581201,35.1636396
1815,8,대저2동,128.9581201,35.1636396
1816,9,대저2동,128.9385616,35.12270664
1817,10,대저2동,128.9529539,35.1507903
1818,11,대저2동,128.9445157,35.13287333
1819,12,대저2동,128.9445157,35.13287333
1820,13,대저2동,128.9494045,35.14284073
1821,14,대저2동,128.9494045,35.14284073
1822,0,강동동,128.9108564,35.13526732
1823,1,강동동,128.9449513,35.21513175
1824,2,강동동,128.9449513,35.21513175
1825,3,강동동,128.9080411,35.19199585
1826,4,강동동,128.9080411,35.19199585
1827,5,강동동,128.9082138,35.15025954
1828,6,강동동,128.9082138,35.15025954
1829,7,강동동,128.94009409999998,35.22254297
1830,8,강동동,128.9320718,35.22031546
1831,9,강동동,128.9442783,35.21867047
1832,10,강동동,128.9442783,35.21867047
1833,11,강동동,128.93563590000002,35.22172118
1834,12,강동동,128.93563590000002,35.22172118
1835,0,가락동,128.8896415,35.20946636
1836,1,가락동,128.8886385,35.15164863
1837,2,가락동,128.8886385,35.15164863
1838,3,가락동,128.9140578,35.20761691
1839,4,가락동,128.9140578,35.20761691
1840,5,가락동,128.873122,35.20218610000001
1841,6,가락동,128.8781209,35.20442149
1842,7,가락동,128.8781209,35.20442149
1843,0,녹산동,128.8901749,35.16372523
1844,1,녹산동,128.8817702,35.08260541
1845,2,녹산동,128.8817702,35.08260541
1846,3,녹산동,128.824728,35.0970419
1847,4,녹산동,128.8136851,35.1523915
1848,5,녹산동,128.8136851,35.1523915
1849,6,녹산동,128.8850966,35.16510554
1850,7,녹산동,128.8150785,35.13913133
1851,8,녹산동,128.8150785,35.13913133
1852,9,녹산동,128.82986259999998,35.09070593
1853,10,녹산동,128.8853712,35.16512156
1854,11,녹산동,128.8853712,35.16512156
1855,12,녹산동,128.8794853,35.08019718
1856,13,녹산동,128.8794853,35.08019718
1857,14,녹산동,128.8419537,35.08482644
1858,15,녹산동,128.837591,35.0860916
1859,16,녹산동,128.837591,35.0860916
1860,17,녹산동,128.84094620000002,35.08496864
1861,18,녹산동,128.84094620000002,35.08496864
1862,0,가덕도동,128.8306067,35.08622077
1863,1,가덕도동,128.809618,35.0230283
1864,2,가덕도동,128.809618,35.0230283
1865,3,가덕도동,128.8393768,35.07414441
1866,4,가덕도동,128.8418301,35.05357491
1867,5,가덕도동,128.8418301,35.05357491
1868,6,가덕도동,128.8319203,35.01247493
1869,7,가덕도동,128.8338634,35.08187158
1870,8,가덕도동,128.8338634,35.08187158
1871,9,가덕도동,128.8342568,35.01490178
1872,10,가덕도동,128.8346249,35.01553927
1873,11,가덕도동,128.8346249,35.01553927
1874,0,거제1동,129.0766372,35.19876289
1875,1,거제1동,129.0885058,35.19201358
1876,2,거제1동,129.0771779,35.19895638
1877,3,거제1동,129.08832379999998,35.19318702
1878,4,거제1동,129.08832379999998,35.19318702
1879,5,거제1동,129.079034,35.19897591
1880,6,거제1동,129.079034,35.19897591
1881,7,거제1동,129.0676127,35.19220859
1882,8,거제1동,129.0765303,35.18816354
1883,9,거제1동,129.0765303,35.18816354
1884,10,거제1동,129.08882690000002,35.19220900000001
1885,11,거제1동,129.08882690000002,35.19220900000001
1886,12,거제1동,129.0774533,35.19902604
1887,13,거제1동,129.0774533,35.19902604
1888,14,거제1동,129.0676875,35.19205469
1889,15,거제1동,129.0676875,35.19205469
1890,0,거제2동,129.0646453,35.19368594
1891,1,거제2동,129.0707493,35.18606048
1892,2,거제2동,129.0707493,35.18606048
1893,3,거제2동,129.0656587,35.19392942
1894,4,거제2동,129.0656587,35.19392942
1895,5,거제2동,129.0726017,35.19000118
1896,6,거제2동,129.0661196,35.19390733
1897,7,거제2동,129.0661196,35.19390733
1898,8,거제2동,129.05402320000002,35.18744210000001
1899,9,거제2동,129.05402320000002,35.18744210000001
1900,10,거제2동,129.0665894,35.18533101
1901,11,거제2동,129.0665894,35.18533101
1902,12,거제2동,129.0727865,35.18985532
1903,13,거제2동,129.0727865,35.18985532
1904,0,거제3동,129.0739883,35.18856470000001
1905,1,거제3동,129.0702225,35.17603269
1906,2,거제3동,129.06834650000002,35.17948354
1907,3,거제3동,129.06834650000002,35.17948354
1908,4,거제3동,129.0723256,35.18737157
1909,5,거제3동,129.0723256,35.18737157
1910,6,거제3동,129.06904340000003,35.17652985
1911,7,거제3동,129.06904340000003,35.17652985
1912,8,거제3동,129.0767943,35.18736798
1913,9,거제3동,129.0767943,35.18736798
1914,10,거제3동,129.071549,35.17756234
1915,11,거제3동,129.071549,35.17756234
1916,0,거제4동,129.0653376,35.17774332
1917,1,거제4동,129.0653376,35.17774332
1918,2,거제4동,129.0670806,35.17670941
1919,3,거제4동,129.065174,35.18203537
1920,4,거제4동,129.065174,35.18203537
1921,5,거제4동,129.067193,35.18446937
1922,6,거제4동,129.067193,35.18446937
1923,7,거제4동,129.06985559999998,35.18405828
1924,8,거제4동,129.06985559999998,35.18405828
1925,0,연산1동,129.0937775,35.18389869
1926,1,연산1동,129.08751189999998,35.18417145
1927,2,연산1동,129.0844755,35.18784027
1928,3,연산1동,129.0844755,35.18784027
1929,4,연산1동,129.0908135,35.19296631
1930,5,연산1동,129.0908135,35.19296631
1931,6,연산1동,129.0944303,35.19164470000001
1932,7,연산1동,129.0944303,35.19164470000001
1933,8,연산1동,129.0915381,35.19295978
1934,9,연산1동,129.0915381,35.19295978
1935,10,연산1동,129.0922832,35.1928449
1936,11,연산1동,129.09199840000002,35.19289253
1937,12,연산1동,129.09199840000002,35.19289253
1938,0,연산2동,129.0822193,35.16424411
1939,1,연산2동,129.0756717,35.17716524
1940,2,연산2동,129.0859392,35.17571253
1941,3,연산2동,129.0759496,35.1765949
1942,4,연산2동,129.0759496,35.1765949
1943,5,연산2동,129.07752720000002,35.18050191
1944,6,연산2동,129.0785947,35.181529
1945,7,연산2동,129.0785947,35.181529
1946,8,연산2동,129.0838435,35.18076104
1947,9,연산2동,129.0838435,35.18076104
1948,10,연산2동,129.078052,35.18117328
1949,11,연산2동,129.078052,35.18117328
1950,0,연산3동,129.0882991,35.16662339
1951,1,연산3동,129.0954598,35.16935315
1952,2,연산3동,129.0878302,35.17427137
1953,3,연산3동,129.0964779,35.17323792
1954,4,연산3동,129.0963202,35.17048111
1955,5,연산3동,129.0873988,35.17238233
1956,6,연산3동,129.0873988,35.17238233
1957,7,연산3동,129.09179840000002,35.17383905
1958,8,연산3동,129.09179840000002,35.17383905
1959,9,연산3동,129.0964582,35.17094858
1960,10,연산3동,129.0964348,35.17084063
1961,11,연산3동,129.0964348,35.17084063
1962,0,연산4동,129.08888570000002,35.17933669
1963,1,연산4동,129.0808117,35.19059521
1964,2,연산4동,129.083421,35.191942
1965,3,연산4동,129.083421,35.191942
1966,4,연산4동,129.0894148,35.17949418
1967,5,연산4동,129.0894148,35.17949418
1968,6,연산4동,129.0812946,35.19140214
1969,7,연산4동,129.0821891,35.19179076
1970,8,연산4동,129.0827727,35.19191174
1971,9,연산4동,129.0827727,35.19191174
1972,0,연산5동,129.0801257,35.19102498
1973,1,연산5동,129.0723323,35.17952043
1974,2,연산5동,129.0723323,35.17952043
1975,3,연산5동,129.0836057,35.18104259
1976,4,연산5동,129.0836057,35.18104259
1977,5,연산5동,129.07270079999998,35.18083319
1978,6,연산5동,129.0797847,35.19098295
1979,7,연산5동,129.0723284,35.1800613
1980,8,연산5동,129.0723284,35.1800613
1981,9,연산5동,129.0792816,35.19030238
1982,10,연산5동,129.0770783,35.18725729
1983,11,연산5동,129.0770783,35.18725729
1984,0,연산6동,129.0848272,35.17960747
1985,1,연산6동,129.0945673,35.17811368
1986,2,연산6동,129.0860854,35.16937446
1987,3,연산6동,129.0860854,35.16937446
1988,4,연산6동,129.0963737,35.1736535
1989,5,연산6동,129.08502679999998,35.17975891
1990,6,연산6동,129.0964759,35.17390497
1991,7,연산6동,129.0964759,35.17390497
1992,8,연산6동,129.0852358,35.17978408
1993,9,연산6동,129.0880354,35.17978601
1994,10,연산6동,129.0882763,35.17973878
1995,11,연산6동,129.0882763,35.17973878
1996,12,연산6동,129.085653,35.17978936
1997,13,연산6동,129.085653,35.17978936
1998,14,연산6동,129.08790359999998,35.17978719
1999,15,연산6동,129.08790359999998,35.17978719
2000,0,연산8동,129.0946295,35.19093982
2001,1,연산8동,129.1009788,35.18544692
2002,2,연산8동,129.1009788,35.18544692
2003,3,연산8동,129.094085,35.18963773
2004,4,연산8동,129.10030759999998,35.18941009
2005,5,연산8동,129.10030759999998,35.18941009
2006,6,연산8동,129.097359,35.19141989
2007,7,연산8동,129.097359,35.19141989
2008,8,연산8동,129.0933998,35.18602937
2009,9,연산8동,129.0954932,35.18411754
2010,10,연산8동,129.0954932,35.18411754
2011,11,연산8동,129.0945274,35.19069737
2012,12,연산8동,129.0945274,35.19069737
2013,13,연산8동,129.0933748,35.18744477
2014,14,연산8동,129.0933748,35.18744477
2015,0,연산9동,129.1000117,35.19108034
2016,1,연산9동,129.111297,35.17639293
2017,2,연산9동,129.111865,35.17698263
2018,3,연산9동,129.111865,35.17698263
2019,4,연산9동,129.1137473,35.18378881
2020,5,연산9동,129.1137473,35.18378881
2021,6,연산9동,129.1081656,35.18995138
2022,7,연산9동,129.108952,35.18963772
2023,8,연산9동,129.108952,35.18963772
2024,0,남천1동,129.1116472,35.13677375
2025,1,남천1동,129.1132501,35.14892779
2026,2,남천1동,129.1059115,35.14836402
2027,3,남천1동,129.1059115,35.14836402
2028,4,남천1동,129.1076771,35.14988926
2029,5,남천1동,129.1076771,35.14988926
2030,6,남천1동,129.1113459,35.15012609
2031,7,남천1동,129.10360559999998,35.14176884
2032,8,남천1동,129.1087423,35.13780091
2033,9,남천1동,129.1116619,35.14996094
2034,10,남천1동,129.10344320000002,35.14193257
2035,11,남천1동,129.10344320000002,35.14193257
2036,12,남천1동,129.1079372,35.13831305
2037,13,남천1동,129.1079372,35.13831305
2038,14,남천1동,129.1114985,35.15005257
2039,15,남천1동,129.1114985,35.15005257
2040,0,남천2동,129.11143130000002,35.14591582
2041,1,남천2동,129.1157716,35.14149518
2042,2,남천2동,129.1157716,35.14149518
2043,3,남천2동,129.11241470000002,35.14721381
2044,4,남천2동,129.1153524,35.14615922
2045,5,남천2동,129.1153524,35.14615922
2046,6,남천2동,129.1142076,35.14832407
2047,7,남천2동,129.1109882,35.14238644
2048,8,남천2동,129.1109882,35.14238644
2049,9,남천2동,129.1127246,35.14015309
2050,10,남천2동,129.1127246,35.14015309
2051,11,남천2동,129.11165490000002,35.14622024
2052,12,남천2동,129.11165490000002,35.14622024
2053,13,남천2동,129.11396829999998,35.1484795
2054,14,남천2동,129.11396829999998,35.1484795
2055,0,수영동,129.1199671,35.17298696
2056,1,수영동,129.1148471,35.16784222
2057,2,수영동,129.1111017,35.17414126
2058,3,수영동,129.121953,35.17051682
2059,4,수영동,129.1098744,35.17188102
2060,5,수영동,129.1208437,35.17206846
2061,6,수영동,129.1208437,35.17206846
2062,7,수영동,129.1101267,35.17105845
2063,8,수영동,129.1126605,35.16929553
2064,9,수영동,129.1105162,35.17306496
2065,10,수영동,129.1105162,35.17306496
2066,11,수영동,129.1103767,35.17087588
2067,12,수영동,129.1103767,35.17087588
2068,13,수영동,129.1115075,35.1700813
2069,14,수영동,129.1115075,35.1700813
2070,0,망미1동,129.0980769,35.16969
2071,1,망미1동,129.1064217,35.16983942
2072,2,망미1동,129.0966991,35.17417336
2073,3,망미1동,129.1023937,35.17964716
2074,4,망미1동,129.1023937,35.17964716
2075,5,망미1동,129.1093228,35.17249
2076,6,망미1동,129.1093228,35.17249
2077,7,망미1동,129.1062023,35.17957638
2078,8,망미1동,129.1062023,35.17957638
2079,9,망미1동,129.09666299999998,35.1706673
2080,10,망미1동,129.1094255,35.17196626
2081,11,망미1동,129.1094255,35.17196626
2082,12,망미1동,129.0966734,35.17389417
2083,13,망미1동,129.0966734,35.17389417
2084,14,망미1동,129.0966344,35.17099206
2085,15,망미1동,129.0966344,35.17099206
2086,0,망미2동,129.10922209999998,35.1723467
2087,1,망미2동,129.1075801,35.17754469
2088,2,망미2동,129.1075801,35.17754469
2089,3,망미2동,129.1169959,35.18209133
2090,4,망미2동,129.1169959,35.18209133
2091,5,망미2동,129.1076957,35.17555157
2092,6,망미2동,129.1076957,35.17555157
2093,7,망미2동,129.1086648,35.17334333
2094,8,망미2동,129.1080872,35.17446633
2095,9,망미2동,129.10778829999998,35.17509102
2096,10,망미2동,129.10778829999998,35.17509102
2097,0,광안1동,129.109566,35.16615103
2098,1,광안1동,129.1187015,35.16474198
2099,2,광안1동,129.1192619,35.16318642
2100,3,광안1동,129.1192619,35.16318642
2101,4,광안1동,129.1062086,35.16139537
2102,5,광안1동,129.1062086,35.16139537
2103,6,광안1동,129.1123973,35.15884187
2104,7,광안1동,129.1088622,35.15958637
2105,8,광안1동,129.1088622,35.15958637
2106,0,광안2동,129.1137911,35.15963129
2107,1,광안2동,129.1204408,35.15870465
2108,2,광안2동,129.11910790000002,35.15434524
2109,3,광안2동,129.11910790000002,35.15434524
2110,4,광안2동,129.1145582,35.15954311
2111,5,광안2동,129.1145582,35.15954311
2112,6,광안2동,129.1117693,35.15059994
2113,7,광안2동,129.1117693,35.15059994
2114,8,광안2동,129.11417920000002,35.14864883
2115,9,광안2동,129.11223130000002,35.14986557
2116,10,광안2동,129.11223130000002,35.14986557
2117,11,광안2동,129.1142772,35.14859385
2118,12,광안2동,129.1142772,35.14859385
2119,0,광안3동,129.107278,35.1714631
2120,1,광안3동,129.111296,35.1658287
2121,2,광안3동,129.1186269,35.16490491
2122,3,광안3동,129.1088551,35.17118727
2123,4,광안3동,129.1088551,35.17118727
2124,5,광안3동,129.1162363,35.16508020000001
2125,6,광안3동,129.1184614,35.16484335
2126,7,광안3동,129.1184614,35.16484335
2127,8,광안3동,129.11784699999998,35.16486704
2128,9,광안3동,129.11784699999998,35.16486704
2129,0,광안4동,129.1111289,35.1511196
2130,1,광안4동,129.1065517,35.16079733
2131,2,광안4동,129.1075382,35.15016996
2132,3,광안4동,129.1075382,35.15016996
2133,4,광안4동,129.1124452,35.16074335
2134,5,광안4동,129.1132586,35.15922155
2135,6,광안4동,129.1122802,35.15507514
2136,7,광안4동,129.1131983,35.16042996
2137,8,광안4동,129.1127432,35.15683761
2138,9,광안4동,129.1124535,35.15571354
2139,10,광안4동,129.1124535,35.15571354
2140,11,광안4동,129.1130237,35.16050368
2141,12,광안4동,129.1130237,35.16050368
2142,13,광안4동,129.1127784,35.15699954
2143,14,광안4동,129.1127784,35.15699954
2144,0,민락동,129.1184691,35.15498211
2145,1,민락동,129.134102,35.15526945
2146,2,민락동,129.1192435,35.15463243
2147,3,민락동,129.1192435,35.15463243
2148,4,민락동,129.121231,35.16749486
2149,5,민락동,129.13449690000002,35.15683416
2150,6,민락동,129.13449690000002,35.15683416
2151,7,민락동,129.1309186,35.15444289
2152,8,민락동,129.1189708,35.16757885
2153,9,민락동,129.1324605,35.1548251
2154,10,민락동,129.1324605,35.1548251
2155,11,민락동,129.11835530000002,35.16752144
2156,12,민락동,129.11835530000002,35.16752144
2157,0,삼락동,128.9771384,35.16969833
2158,1,삼락동,128.9771384,35.16969833
2159,2,삼락동,128.98767890000002,35.19527558
2160,3,삼락동,128.98767890000002,35.19527558
2161,4,삼락동,128.9808373,35.17056984
2162,5,삼락동,128.9808373,35.17056984
2163,6,삼락동,128.97740149999998,35.18525433
2164,7,삼락동,128.97740149999998,35.18525433
2165,8,삼락동,128.9804215,35.18988112
2166,9,삼락동,128.9764129,35.18062912
2167,10,삼락동,128.9764129,35.18062912
2168,11,삼락동,128.9764784,35.18152098
2169,12,삼락동,128.9764784,35.18152098
2170,13,삼락동,128.9878593,35.19657212
2171,14,삼락동,128.9878593,35.19657212
2172,15,삼락동,128.9856755,35.19487726
2173,16,삼락동,128.9856755,35.19487726
2174,17,삼락동,128.98253300000002,35.19197327
2175,18,삼락동,128.98253300000002,35.19197327
2176,0,모라1동,128.98771440000002,35.18097016
2177,1,모라1동,128.9938318,35.18475105
2178,2,모라1동,128.9835117,35.18936029
2179,3,모라1동,128.9945577,35.19476859
2180,4,모라1동,128.9945577,35.19476859
2181,5,모라1동,128.9941666,35.19511433
2182,6,모라1동,128.9941666,35.19511433
2183,7,모라1동,128.9826433,35.18198491
2184,8,모라1동,128.9940933,35.18548804
2185,9,모라1동,128.9940933,35.18548804
2186,10,모라1동,128.9824069,35.18424032
2187,11,모라1동,128.9824069,35.18424032
2188,12,모라1동,128.9882458,35.19493744
2189,13,모라1동,128.9882458,35.19493744
2190,14,모라1동,128.9847328,35.1913695
2191,15,모라1동,128.9875059,35.18098087
2192,16,모라1동,128.9875059,35.18098087
2193,17,모라1동,128.98614479999998,35.19281826
2194,18,모라1동,128.98614479999998,35.19281826
2195,0,모라3동,128.9983791,35.18130638
2196,1,모라3동,128.9937747,35.18276845
2197,2,모라3동,128.9947262,35.18516736
2198,3,모라3동,128.9947262,35.18516736
2199,4,모라3동,128.9933428,35.18336691
2200,5,모라3동,128.9933428,35.18336691
2201,0,덕포1동,128.9894595,35.16733581
2202,1,덕포1동,128.9902062,35.17098037
2203,2,덕포1동,128.9845994,35.16756471
2204,3,덕포1동,128.9807465,35.16940777
2205,4,덕포1동,128.9807465,35.16940777
2206,5,덕포1동,128.981323,35.17170167
2207,6,덕포1동,128.981323,35.17170167
2208,7,덕포1동,128.98563149999998,35.17213541
2209,8,덕포1동,128.98189309999998,35.167992299999995
2210,9,덕포1동,128.9847212,35.17220591
2211,10,덕포1동,128.9808237,35.16852378
2212,11,덕포1동,128.9808237,35.16852378
2213,12,덕포1동,128.9848528,35.17219583
2214,13,덕포1동,128.9848528,35.17219583
2215,0,덕포2동,128.9908364,35.18129620000001
2216,1,덕포2동,128.9817303,35.18183908
2217,2,덕포2동,128.9817303,35.18183908
2218,3,덕포2동,128.9898283,35.18145768
2219,4,덕포2동,128.9898283,35.18145768
2220,5,덕포2동,128.9816739,35.17258219
2221,6,덕포2동,128.9816739,35.17258219
2222,7,덕포2동,128.9904496,35.17204203
2223,8,덕포2동,128.9883722,35.17182463
2224,9,덕포2동,128.9883722,35.17182463
2225,0,괘법동,128.9771131,35.1694191
2226,1,괘법동,128.9771131,35.1694191
2227,2,괘법동,128.9772659,35.15925009
2228,3,괘법동,128.98862179999998,35.15979795
2229,4,괘법동,128.9765123,35.15956264
2230,5,괘법동,128.9765123,35.15956264
2231,6,괘법동,128.9857844,35.15751349
2232,7,괘법동,128.9884662,35.15963697
2233,8,괘법동,128.9884662,35.15963697
2234,0,감전동,128.9759459,35.15900834
2235,1,감전동,128.9697087,35.13194423
2236,2,감전동,128.9932051,35.15849851
2237,3,감전동,128.9910937,35.15002462
2238,4,감전동,128.9941983,35.15713826
2239,5,감전동,128.96800530000002,35.14098992
2240,6,감전동,128.96800530000002,35.14098992
2241,7,감전동,128.9739774,35.15593238
2242,8,감전동,128.9739774,35.15593238
2243,9,감전동,128.9919421,35.15120752
2244,10,감전동,128.9919421,35.15120752
2245,11,감전동,128.99343290000002,35.158280299999994
2246,12,감전동,128.99343290000002,35.158280299999994
2247,0,주례1동,129.00514479999998,35.15743554
2248,1,주례1동,128.99501270000002,35.15551807
2249,2,주례1동,128.99501270000002,35.15551807
2250,3,주례1동,128.99248980000002,35.1502115
2251,4,주례1동,128.99248980000002,35.1502115
2252,5,주례1동,128.9928013,35.1532737
2253,6,주례1동,128.99348840000002,35.15471932
2254,7,주례1동,128.99348840000002,35.15471932
2255,8,주례1동,128.9949472,35.15013726
2256,9,주례1동,128.9931072,35.15405541
2257,10,주례1동,128.9931072,35.15405541
2258,11,주례1동,129.0057572,35.15100349
2259,12,주례1동,129.0057572,35.15100349
2260,13,주례1동,129.0041089,35.15083688
2261,14,주례1동,129.0041089,35.15083688
2262,15,주례1동,128.9937062,35.15006632
2263,16,주례1동,128.9937062,35.15006632
2264,0,주례2동,129.0070471,35.14613424
2265,1,주례2동,129.014431,35.1557176
2266,2,주례2동,129.0162087,35.14774337
2267,3,주례2동,129.0162087,35.14774337
2268,4,주례2동,129.00598,35.15216445
2269,5,주례2동,129.00608229999997,35.15155966
2270,6,주례2동,129.00608229999997,35.15155966
2271,7,주례2동,129.0163918,35.15364598
2272,8,주례2동,129.0163918,35.15364598
2273,9,주례2동,129.0154901,35.15526705
2274,10,주례2동,129.0154901,35.15526705
2275,0,주례3동,129.00518359999998,35.14452719
2276,1,주례3동,128.998003,35.14962537
2277,2,주례3동,129.00694950000002,35.14979473
2278,3,주례3동,129.00694950000002,35.14979473
2279,4,주례3동,129.0057286,35.15046289
2280,5,주례3동,129.0057286,35.15046289
2281,6,주례3동,128.9939362,35.14551236
2282,7,주례3동,128.9991038,35.14989573
2283,8,주례3동,128.9991038,35.14989573
2284,9,주례3동,129.00132309999998,35.14472141
2285,10,주례3동,129.00132309999998,35.14472141
2286,0,학장동,128.9962449,35.14945055
2287,1,학장동,128.9969576,35.13230004
2288,2,학장동,128.97676869999998,35.15070882
2289,3,학장동,128.97676869999998,35.15070882
2290,4,학장동,128.9963163,35.14900827
2291,5,학장동,128.9963163,35.14900827
2292,6,학장동,128.9981406,35.13302945
2293,7,학장동,128.9981406,35.13302945
2294,0,엄궁동,128.9666712,35.13488905
2295,1,엄궁동,128.97772120000002,35.13491759
2296,2,엄궁동,128.9654077,35.13288899
2297,3,엄궁동,128.9654077,35.13288899
2298,4,엄궁동,128.96177649999998,35.11988353
2299,5,엄궁동,128.96177649999998,35.11988353
2300,6,엄궁동,128.9768421,35.13572693
2301,7,엄궁동,128.97890790000002,35.12680439
2302,8,엄궁동,128.97890790000002,35.12680439
2303,9,엄궁동,128.9759769,35.12391649
2304,10,엄궁동,128.9759769,35.12391649
2305,11,엄궁동,128.9775056,35.13523482
2306,12,엄궁동,128.9775056,35.13523482
2307,0,기장읍,129.1998358,35.20026388
2308,1,기장읍,129.2006168,35.25851149
2309,2,기장읍,129.2006168,35.25851149
2310,3,기장읍,129.2193036,35.25738721
2311,4,기장읍,129.2090938,35.18252293
2312,5,기장읍,129.2090938,35.18252293
2313,6,기장읍,129.24806189999998,35.24018451
2314,7,기장읍,129.24806189999998,35.24018451
2315,8,기장읍,129.2216677,35.18932829
2316,9,기장읍,129.2216677,35.18932829
2317,10,기장읍,129.2388626,35.24718345
2318,11,기장읍,129.24416499999998,35.24400133
2319,12,기장읍,129.2468493,35.24207184
2320,13,기장읍,129.2468493,35.24207184
2321,0,장안읍,129.2436047,35.30799432
2322,1,장안읍,129.23018059999998,35.37198311
2323,2,장안읍,129.2712976,35.37435165
2324,3,장안읍,129.2414507,35.30951269
2325,4,장안읍,129.2414507,35.30951269
2326,5,장안읍,129.289575,35.3348055
2327,6,장안읍,129.289575,35.3348055
2328,7,장안읍,129.2554704,35.38485551
2329,8,장안읍,129.2554704,35.38485551
2330,9,장안읍,129.246544,35.38197352
2331,10,장안읍,129.246544,35.38197352
2332,0,일광면,129.22187879999998,35.25471123
2333,1,일광면,129.2590331,35.28252473
2334,2,일광면,129.2442334,35.25710639
2335,3,일광면,129.20567179999998,35.28446548
2336,4,일광면,129.20567179999998,35.28446548
2337,5,일광면,129.2372324,35.31339568
2338,6,일광면,129.2610364,35.29687141
2339,7,일광면,129.24681270000002,35.25762065
2340,8,일광면,129.24681270000002,35.25762065
2341,9,일광면,129.2353159,35.31246886
2342,10,일광면,129.2353159,35.31246886
2343,11,일광면,129.26078700000002,35.29426009
2344,12,일광면,129.26078700000002,35.29426009
2345,0,철마면,129.1578845,35.23643879999999
2346,1,철마면,129.1125721,35.31324589
2347,2,철마면,129.1125721,35.31324589
2348,3,철마면,129.1684001,35.30009129
2349,4,철마면,129.1819865,35.27566760000001
2350,5,철마면,129.1819865,35.27566760000001
2351,6,철마면,129.1793794,35.23456372
2352,7,철마면,129.1590118,35.23613957
2353,8,철마면,129.1590118,35.23613957
2354,9,철마면,129.1780874,35.23334143
2355,10,철마면,129.1780874,35.23334143
