,구군,읍면동,년월,총 유동인구
0,중구,중앙동,2019-08,124902
1,중구,동광동,2019-08,29581
2,중구,대청동,2019-08,50901
3,중구,보수동,2019-08,54940
4,중구,부평동,2019-08,68784
5,중구,광복동,2019-08,58457
6,중구,남포동,2019-08,100889
7,중구,영주1동,2019-08,43571
8,중구,영주2동,2019-08,44175
9,서구,동대신1동,2019-08,38220
10,서구,동대신2동,2019-08,44704
11,서구,동대신3동,2019-08,52977
12,서구,서대신1동,2019-08,89612
13,서구,서대신3동,2019-08,52661
14,서구,서대신4동,2019-08,44887
15,서구,부민동,2019-08,49719
16,서구,아미동,2019-08,72199
17,서구,초장동,2019-08,20257
18,서구,충무동,2019-08,77431
19,서구,남부민1동,2019-08,33971
20,서구,남부민2동,2019-08,52598
21,서구,암남동,2019-08,132455
22,동구,초량1동,2019-08,55627
23,동구,초량2동,2019-08,64112
24,동구,초량3동,2019-08,119202
25,동구,초량6동,2019-08,34812
26,동구,수정1동,2019-08,25848
27,동구,수정2동,2019-08,75841
28,동구,수정4동,2019-08,21486
29,동구,수정5동,2019-08,26782
30,동구,범일1동,2019-08,45456
31,동구,범일2동,2019-08,143220
32,동구,범일5동,2019-08,34083
33,영도구,남항동,2019-08,108739
34,영도구,영선1동,2019-08,35161
35,영도구,영선2동,2019-08,75366
36,영도구,신선동,2019-08,36172
37,영도구,봉래1동,2019-08,59583
38,영도구,봉래2동,2019-08,41135
39,영도구,청학1동,2019-08,51726
40,영도구,청학2동,2019-08,117855
41,영도구,동삼1동,2019-08,202043
42,영도구,동삼2동,2019-08,56242
43,영도구,동삼3동,2019-08,78207
44,부산진구,부전1동,2019-08,211522
45,부산진구,부전2동,2019-08,312227
46,부산진구,연지동,2019-08,127489
47,부산진구,초읍동,2019-08,152019
48,부산진구,양정1동,2019-08,172083
49,부산진구,양정2동,2019-08,106315
50,부산진구,전포1동,2019-08,175628
51,부산진구,전포2동,2019-08,108869
52,부산진구,부암1동,2019-08,172462
53,부산진구,부암3동,2019-08,113545
54,부산진구,당감1동,2019-08,163985
55,부산진구,당감2동,2019-08,63657
56,부산진구,당감4동,2019-08,114787
57,부산진구,가야1동,2019-08,160361
58,부산진구,가야2동,2019-08,111489
59,부산진구,개금1동,2019-08,107904
60,부산진구,개금2동,2019-08,81081
61,부산진구,개금3동,2019-08,154043
62,부산진구,범천1동,2019-08,124534
63,부산진구,범천2동,2019-08,79849
64,동래구,수민동,2019-08,212697
65,동래구,복산동,2019-08,68000
66,동래구,명륜동,2019-08,177375
67,동래구,온천1동,2019-08,210967
68,동래구,온천2동,2019-08,155604
69,동래구,온천3동,2019-08,176869
70,동래구,사직1동,2019-08,61106
71,동래구,사직2동,2019-08,182114
72,동래구,사직3동,2019-08,96717
73,동래구,안락1동,2019-08,137697
74,동래구,안락2동,2019-08,179547
75,동래구,명장1동,2019-08,84452
76,동래구,명장2동,2019-08,114755
77,남구,대연1동,2019-08,127454
78,남구,대연3동,2019-08,313755
79,남구,대연4동,2019-08,71612
80,남구,대연5동,2019-08,107686
81,남구,대연6동,2019-08,62161
82,남구,용호1동,2019-08,264144
83,남구,용호2동,2019-08,123200
84,남구,용호3동,2019-08,77516
85,남구,용호4동,2019-08,51188
86,남구,용당동,2019-08,84032
87,남구,감만1동,2019-08,103575
88,남구,감만2동,2019-08,56696
89,남구,우암동,2019-08,100921
90,남구,문현1동,2019-08,67505
91,남구,문현2동,2019-08,83884
92,남구,문현3동,2019-08,83532
93,남구,문현4동,2019-08,79689
94,북구,구포1동,2019-08,104056
95,북구,구포2동,2019-08,170518
96,북구,구포3동,2019-08,131480
97,북구,금곡동,2019-08,258438
98,북구,화명1동,2019-08,266355
99,북구,화명2동,2019-08,101610
100,북구,화명3동,2019-08,272447
101,북구,덕천1동,2019-08,80272
102,북구,덕천2동,2019-08,168693
103,북구,덕천3동,2019-08,43065
104,북구,만덕1동,2019-08,55510
105,북구,만덕2동,2019-08,134478
106,북구,만덕3동,2019-08,144442
107,해운대구,우1동,2019-08,282034
108,해운대구,우2동,2019-08,350166
109,해운대구,중1동,2019-08,264358
110,해운대구,중2동,2019-08,82696
111,해운대구,좌1동,2019-08,163360
112,해운대구,좌2동,2019-08,227388
113,해운대구,좌3동,2019-08,114807
114,해운대구,좌4동,2019-08,160535
115,해운대구,송정동,2019-08,100298
116,해운대구,반여1동,2019-08,250694
117,해운대구,반여2동,2019-08,62252
118,해운대구,반여3동,2019-08,53599
119,해운대구,반여4동,2019-08,92197
120,해운대구,반송1동,2019-08,138491
121,해운대구,반송2동,2019-08,166452
122,해운대구,재송1동,2019-08,265646
123,해운대구,재송2동,2019-08,180388
124,사하구,괴정1동,2019-08,162625
125,사하구,괴정2동,2019-08,76994
126,사하구,괴정3동,2019-08,79622
127,사하구,괴정4동,2019-08,89027
128,사하구,당리동,2019-08,174444
129,사하구,하단1동,2019-08,185681
130,사하구,하단2동,2019-08,214680
131,사하구,신평1동,2019-08,113869
132,사하구,신평2동,2019-08,136287
133,사하구,장림1동,2019-08,106011
134,사하구,장림2동,2019-08,210624
135,사하구,다대1동,2019-08,278874
136,사하구,다대2동,2019-08,176271
137,사하구,구평동,2019-08,54952
138,사하구,감천1동,2019-08,143188
139,사하구,감천2동,2019-08,40241
140,금정구,서1동,2019-08,46578
141,금정구,서2동,2019-08,77134
142,금정구,서3동,2019-08,84095
143,금정구,부곡1동,2019-08,52660
144,금정구,부곡2동,2019-08,105288
145,금정구,부곡3동,2019-08,150568
146,금정구,부곡4동,2019-08,55304
147,금정구,장전1동,2019-08,119118
148,금정구,장전2동,2019-08,225578
149,금정구,선두구동,2019-08,28291
150,금정구,청룡노포동,2019-08,85894
151,금정구,남산동,2019-08,196100
152,금정구,구서1동,2019-08,155739
153,금정구,구서2동,2019-08,230912
154,금정구,금성동,2019-08,7468
155,강서구,대저1동,2019-08,71462
156,강서구,대저2동,2019-08,155225
157,강서구,강동동,2019-08,42884
158,강서구,가락동,2019-08,27915
159,강서구,녹산동,2019-08,353084
160,강서구,가덕도동,2019-08,39954
161,연제구,거제1동,2019-08,223302
162,연제구,거제2동,2019-08,136183
163,연제구,거제3동,2019-08,71955
164,연제구,거제4동,2019-08,55275
165,연제구,연산1동,2019-08,113988
166,연제구,연산2동,2019-08,102611
167,연제구,연산3동,2019-08,57166
168,연제구,연산4동,2019-08,125731
169,연제구,연산5동,2019-08,156183
170,연제구,연산6동,2019-08,84909
171,연제구,연산8동,2019-08,100492
172,연제구,연산9동,2019-08,263235
173,수영구,남천1동,2019-08,181643
174,수영구,남천2동,2019-08,79965
175,수영구,수영동,2019-08,113243
176,수영구,망미1동,2019-08,168377
177,수영구,망미2동,2019-08,77549
178,수영구,광안1동,2019-08,161039
179,수영구,광안2동,2019-08,115167
180,수영구,광안3동,2019-08,104844
181,수영구,광안4동,2019-08,79422
182,수영구,민락동,2019-08,172279
183,사상구,삼락동,2019-08,69293
184,사상구,모라1동,2019-08,209700
185,사상구,모라3동,2019-08,61779
186,사상구,덕포1동,2019-08,73749
187,사상구,덕포2동,2019-08,118709
188,사상구,괘법동,2019-08,227026
189,사상구,감전동,2019-08,164916
190,사상구,주례1동,2019-08,103648
191,사상구,주례2동,2019-08,210739
192,사상구,주례3동,2019-08,106026
193,사상구,학장동,2019-08,200837
194,사상구,엄궁동,2019-08,193965
195,기장군,기장읍,2019-08,422041
196,기장군,장안읍,2019-08,108430
197,기장군,일광면,2019-08,91991
198,기장군,철마면,2019-08,64117
199,중구,중앙동,2019-09,112214
200,중구,동광동,2019-09,28639
201,중구,대청동,2019-09,48396
202,중구,보수동,2019-09,52144
203,중구,부평동,2019-09,60750
204,중구,광복동,2019-09,43851
205,중구,남포동,2019-09,79392
206,중구,영주1동,2019-09,40143
207,중구,영주2동,2019-09,46011
208,서구,동대신1동,2019-09,37030
209,서구,동대신2동,2019-09,44804
210,서구,동대신3동,2019-09,71435
211,서구,서대신1동,2019-09,92612
212,서구,서대신3동,2019-09,54569
213,서구,서대신4동,2019-09,53457
214,서구,부민동,2019-09,53737
215,서구,아미동,2019-09,73628
216,서구,초장동,2019-09,23090
217,서구,충무동,2019-09,93738
218,서구,남부민1동,2019-09,40272
219,서구,남부민2동,2019-09,54178
220,서구,암남동,2019-09,144946
221,동구,초량1동,2019-09,47382
222,동구,초량2동,2019-09,58575
223,동구,초량3동,2019-09,114749
224,동구,초량6동,2019-09,39557
225,동구,수정1동,2019-09,30564
226,동구,수정2동,2019-09,73981
227,동구,수정4동,2019-09,25269
228,동구,수정5동,2019-09,27942
229,동구,범일1동,2019-09,48099
230,동구,범일2동,2019-09,156412
231,동구,범일5동,2019-09,29837
232,영도구,남항동,2019-09,102087
233,영도구,영선1동,2019-09,38926
234,영도구,영선2동,2019-09,75780
235,영도구,신선동,2019-09,43976
236,영도구,봉래1동,2019-09,67665
237,영도구,봉래2동,2019-09,42481
238,영도구,청학1동,2019-09,44793
239,영도구,청학2동,2019-09,120786
240,영도구,동삼1동,2019-09,219282
241,영도구,동삼2동,2019-09,64949
242,영도구,동삼3동,2019-09,79888
243,부산진구,부전1동,2019-09,223825
244,부산진구,부전2동,2019-09,299409
245,부산진구,연지동,2019-09,145565
246,부산진구,초읍동,2019-09,153056
247,부산진구,양정1동,2019-09,201622
248,부산진구,양정2동,2019-09,109313
249,부산진구,전포1동,2019-09,152586
250,부산진구,전포2동,2019-09,112813
251,부산진구,부암1동,2019-09,174504
252,부산진구,부암3동,2019-09,121324
253,부산진구,당감1동,2019-09,179818
254,부산진구,당감2동,2019-09,65861
255,부산진구,당감4동,2019-09,122706
256,부산진구,가야1동,2019-09,182216
257,부산진구,가야2동,2019-09,121016
258,부산진구,개금1동,2019-09,128675
259,부산진구,개금2동,2019-09,85832
260,부산진구,개금3동,2019-09,161291
261,부산진구,범천1동,2019-09,119321
262,부산진구,범천2동,2019-09,82974
263,동래구,수민동,2019-09,249699
264,동래구,복산동,2019-09,73640
265,동래구,명륜동,2019-09,166775
266,동래구,온천1동,2019-09,213373
267,동래구,온천2동,2019-09,166159
268,동래구,온천3동,2019-09,179021
269,동래구,사직1동,2019-09,61114
270,동래구,사직2동,2019-09,189712
271,동래구,사직3동,2019-09,92160
272,동래구,안락1동,2019-09,153167
273,동래구,안락2동,2019-09,165490
274,동래구,명장1동,2019-09,84351
275,동래구,명장2동,2019-09,116599
276,남구,대연1동,2019-09,122306
277,남구,대연3동,2019-09,376650
278,남구,대연4동,2019-09,77728
279,남구,대연5동,2019-09,119512
280,남구,대연6동,2019-09,68410
281,남구,용호1동,2019-09,274172
282,남구,용호2동,2019-09,108696
283,남구,용호3동,2019-09,77196
284,남구,용호4동,2019-09,60892
285,남구,용당동,2019-09,93890
286,남구,감만1동,2019-09,96330
287,남구,감만2동,2019-09,50679
288,남구,우암동,2019-09,96779
289,남구,문현1동,2019-09,72366
290,남구,문현2동,2019-09,88844
291,남구,문현3동,2019-09,84652
292,남구,문현4동,2019-09,81887
293,북구,구포1동,2019-09,119123
294,북구,구포2동,2019-09,197176
295,북구,구포3동,2019-09,146572
296,북구,금곡동,2019-09,267472
297,북구,화명1동,2019-09,208202
298,북구,화명2동,2019-09,87012
299,북구,화명3동,2019-09,242447
300,북구,덕천1동,2019-09,108467
301,북구,덕천2동,2019-09,176302
302,북구,덕천3동,2019-09,59973
303,북구,만덕1동,2019-09,58878
304,북구,만덕2동,2019-09,145278
305,북구,만덕3동,2019-09,156046
306,해운대구,우1동,2019-09,288497
307,해운대구,우2동,2019-09,335463
308,해운대구,중1동,2019-09,221259
309,해운대구,중2동,2019-09,101820
310,해운대구,좌1동,2019-09,159703
311,해운대구,좌2동,2019-09,202760
312,해운대구,좌3동,2019-09,116017
313,해운대구,좌4동,2019-09,159487
314,해운대구,송정동,2019-09,79843
315,해운대구,반여1동,2019-09,249191
316,해운대구,반여2동,2019-09,67670
317,해운대구,반여3동,2019-09,64124
318,해운대구,반여4동,2019-09,89386
319,해운대구,반송1동,2019-09,153171
320,해운대구,반송2동,2019-09,169826
321,해운대구,재송1동,2019-09,266228
322,해운대구,재송2동,2019-09,174944
323,사하구,괴정1동,2019-09,176798
324,사하구,괴정2동,2019-09,80739
325,사하구,괴정3동,2019-09,88860
326,사하구,괴정4동,2019-09,101176
327,사하구,당리동,2019-09,169357
328,사하구,하단1동,2019-09,188869
329,사하구,하단2동,2019-09,257187
330,사하구,신평1동,2019-09,104058
331,사하구,신평2동,2019-09,125150
332,사하구,장림1동,2019-09,109723
333,사하구,장림2동,2019-09,175359
334,사하구,다대1동,2019-09,303776
335,사하구,다대2동,2019-09,180073
336,사하구,구평동,2019-09,60054
337,사하구,감천1동,2019-09,148817
338,사하구,감천2동,2019-09,39382
339,금정구,서1동,2019-09,43624
340,금정구,서2동,2019-09,67326
341,금정구,서3동,2019-09,80397
342,금정구,부곡1동,2019-09,54865
343,금정구,부곡2동,2019-09,113332
344,금정구,부곡3동,2019-09,172906
345,금정구,부곡4동,2019-09,61523
346,금정구,장전1동,2019-09,130599
347,금정구,장전2동,2019-09,255992
348,금정구,선두구동,2019-09,33541
349,금정구,청룡노포동,2019-09,100537
350,금정구,남산동,2019-09,187429
351,금정구,구서1동,2019-09,162520
352,금정구,구서2동,2019-09,232725
353,금정구,금성동,2019-09,10246
354,강서구,대저1동,2019-09,75442
355,강서구,대저2동,2019-09,147261
356,강서구,강동동,2019-09,42808
357,강서구,가락동,2019-09,28790
358,강서구,녹산동,2019-09,348316
359,강서구,가덕도동,2019-09,36728
360,연제구,거제1동,2019-09,224633
361,연제구,거제2동,2019-09,134002
362,연제구,거제3동,2019-09,89459
363,연제구,거제4동,2019-09,50611
364,연제구,연산1동,2019-09,114873
365,연제구,연산2동,2019-09,114432
366,연제구,연산3동,2019-09,68510
367,연제구,연산4동,2019-09,129763
368,연제구,연산5동,2019-09,152874
369,연제구,연산6동,2019-09,88648
370,연제구,연산8동,2019-09,94912
371,연제구,연산9동,2019-09,271327
372,수영구,남천1동,2019-09,169411
373,수영구,남천2동,2019-09,91038
374,수영구,수영동,2019-09,111430
375,수영구,망미1동,2019-09,179573
376,수영구,망미2동,2019-09,76605
377,수영구,광안1동,2019-09,153199
378,수영구,광안2동,2019-09,124417
379,수영구,광안3동,2019-09,98212
380,수영구,광안4동,2019-09,76458
381,수영구,민락동,2019-09,160616
382,사상구,삼락동,2019-09,72641
383,사상구,모라1동,2019-09,210932
384,사상구,모라3동,2019-09,69711
385,사상구,덕포1동,2019-09,96134
386,사상구,덕포2동,2019-09,103255
387,사상구,괘법동,2019-09,233983
388,사상구,감전동,2019-09,167380
389,사상구,주례1동,2019-09,109942
390,사상구,주례2동,2019-09,201818
391,사상구,주례3동,2019-09,127992
392,사상구,학장동,2019-09,201561
393,사상구,엄궁동,2019-09,187403
394,기장군,기장읍,2019-09,412460
395,기장군,장안읍,2019-09,103921
396,기장군,일광면,2019-09,90967
397,기장군,철마면,2019-09,56046
398,중구,중앙동,2019-10,116618
399,중구,동광동,2019-10,29135
400,중구,대청동,2019-10,51510
401,중구,보수동,2019-10,57345
402,중구,부평동,2019-10,60299
403,중구,광복동,2019-10,47854
404,중구,남포동,2019-10,85811
405,중구,영주1동,2019-10,39434
406,중구,영주2동,2019-10,42929
407,서구,동대신1동,2019-10,41526
408,서구,동대신2동,2019-10,43544
409,서구,동대신3동,2019-10,67600
410,서구,서대신1동,2019-10,89032
411,서구,서대신3동,2019-10,55329
412,서구,서대신4동,2019-10,52020
413,서구,부민동,2019-10,56778
414,서구,아미동,2019-10,70587
415,서구,초장동,2019-10,20187
416,서구,충무동,2019-10,91858
417,서구,남부민1동,2019-10,44949
418,서구,남부민2동,2019-10,50919
419,서구,암남동,2019-10,149122
420,동구,초량1동,2019-10,47902
421,동구,초량2동,2019-10,61202
422,동구,초량3동,2019-10,116547
423,동구,초량6동,2019-10,40874
424,동구,수정1동,2019-10,34237
425,동구,수정2동,2019-10,71001
426,동구,수정4동,2019-10,21694
427,동구,수정5동,2019-10,30951
428,동구,범일1동,2019-10,48193
429,동구,범일2동,2019-10,151542
430,동구,범일5동,2019-10,30465
431,영도구,남항동,2019-10,99358
432,영도구,영선1동,2019-10,40788
433,영도구,영선2동,2019-10,76372
434,영도구,신선동,2019-10,41176
435,영도구,봉래1동,2019-10,64456
436,영도구,봉래2동,2019-10,45014
437,영도구,청학1동,2019-10,39824
438,영도구,청학2동,2019-10,117136
439,영도구,동삼1동,2019-10,206045
440,영도구,동삼2동,2019-10,58143
441,영도구,동삼3동,2019-10,80285
442,부산진구,부전1동,2019-10,238023
443,부산진구,부전2동,2019-10,303050
444,부산진구,연지동,2019-10,136672
445,부산진구,초읍동,2019-10,154934
446,부산진구,양정1동,2019-10,182876
447,부산진구,양정2동,2019-10,112095
448,부산진구,전포1동,2019-10,156357
449,부산진구,전포2동,2019-10,118237
450,부산진구,부암1동,2019-10,173734
451,부산진구,부암3동,2019-10,123612
452,부산진구,당감1동,2019-10,176148
453,부산진구,당감2동,2019-10,65652
454,부산진구,당감4동,2019-10,116304
455,부산진구,가야1동,2019-10,179085
456,부산진구,가야2동,2019-10,113050
457,부산진구,개금1동,2019-10,119450
458,부산진구,개금2동,2019-10,78875
459,부산진구,개금3동,2019-10,159835
460,부산진구,범천1동,2019-10,117397
461,부산진구,범천2동,2019-10,81266
462,동래구,수민동,2019-10,244967
463,동래구,복산동,2019-10,67569
464,동래구,명륜동,2019-10,177680
465,동래구,온천1동,2019-10,192543
466,동래구,온천2동,2019-10,167341
467,동래구,온천3동,2019-10,202971
468,동래구,사직1동,2019-10,70680
469,동래구,사직2동,2019-10,182909
470,동래구,사직3동,2019-10,112719
471,동래구,안락1동,2019-10,137823
472,동래구,안락2동,2019-10,183302
473,동래구,명장1동,2019-10,86064
474,동래구,명장2동,2019-10,106100
475,남구,대연1동,2019-10,113109
476,남구,대연3동,2019-10,334234
477,남구,대연4동,2019-10,72221
478,남구,대연5동,2019-10,98620
479,남구,대연6동,2019-10,70553
480,남구,용호1동,2019-10,307409
481,남구,용호2동,2019-10,125724
482,남구,용호3동,2019-10,73199
483,남구,용호4동,2019-10,64080
484,남구,용당동,2019-10,91147
485,남구,감만1동,2019-10,115110
486,남구,감만2동,2019-10,50787
487,남구,우암동,2019-10,106451
488,남구,문현1동,2019-10,75592
489,남구,문현2동,2019-10,87336
490,남구,문현3동,2019-10,85880
491,남구,문현4동,2019-10,72632
492,북구,구포1동,2019-10,125664
493,북구,구포2동,2019-10,185954
494,북구,구포3동,2019-10,136603
495,북구,금곡동,2019-10,250489
496,북구,화명1동,2019-10,218371
497,북구,화명2동,2019-10,94316
498,북구,화명3동,2019-10,255488
499,북구,덕천1동,2019-10,114938
500,북구,덕천2동,2019-10,178001
501,북구,덕천3동,2019-10,62656
502,북구,만덕1동,2019-10,58036
503,북구,만덕2동,2019-10,126940
504,북구,만덕3동,2019-10,148570
505,해운대구,우1동,2019-10,289823
506,해운대구,우2동,2019-10,345578
507,해운대구,중1동,2019-10,228341
508,해운대구,중2동,2019-10,84993
509,해운대구,좌1동,2019-10,177731
510,해운대구,좌2동,2019-10,190078
511,해운대구,좌3동,2019-10,127537
512,해운대구,좌4동,2019-10,163697
513,해운대구,송정동,2019-10,81962
514,해운대구,반여1동,2019-10,231343
515,해운대구,반여2동,2019-10,70545
516,해운대구,반여3동,2019-10,61808
517,해운대구,반여4동,2019-10,84981
518,해운대구,반송1동,2019-10,141701
519,해운대구,반송2동,2019-10,169670
520,해운대구,재송1동,2019-10,283726
521,해운대구,재송2동,2019-10,185805
522,사하구,괴정1동,2019-10,155771
523,사하구,괴정2동,2019-10,89927
524,사하구,괴정3동,2019-10,82146
525,사하구,괴정4동,2019-10,87775
526,사하구,당리동,2019-10,187251
527,사하구,하단1동,2019-10,191147
528,사하구,하단2동,2019-10,229856
529,사하구,신평1동,2019-10,96935
530,사하구,신평2동,2019-10,139047
531,사하구,장림1동,2019-10,106762
532,사하구,장림2동,2019-10,200995
533,사하구,다대1동,2019-10,291727
534,사하구,다대2동,2019-10,187555
535,사하구,구평동,2019-10,54244
536,사하구,감천1동,2019-10,146883
537,사하구,감천2동,2019-10,47414
538,금정구,서1동,2019-10,49527
539,금정구,서2동,2019-10,71029
540,금정구,서3동,2019-10,82157
541,금정구,부곡1동,2019-10,57279
542,금정구,부곡2동,2019-10,114196
543,금정구,부곡3동,2019-10,118809
544,금정구,부곡4동,2019-10,59456
545,금정구,장전1동,2019-10,142618
546,금정구,장전2동,2019-10,275807
547,금정구,선두구동,2019-10,48015
548,금정구,청룡노포동,2019-10,97978
549,금정구,남산동,2019-10,193418
550,금정구,구서1동,2019-10,136556
551,금정구,구서2동,2019-10,220320
552,금정구,금성동,2019-10,12729
553,강서구,대저1동,2019-10,97767
554,강서구,대저2동,2019-10,139739
555,강서구,강동동,2019-10,40635
556,강서구,가락동,2019-10,24178
557,강서구,녹산동,2019-10,363566
558,강서구,가덕도동,2019-10,37427
559,연제구,거제1동,2019-10,223326
560,연제구,거제2동,2019-10,124992
561,연제구,거제3동,2019-10,95576
562,연제구,거제4동,2019-10,55466
563,연제구,연산1동,2019-10,112534
564,연제구,연산2동,2019-10,120211
565,연제구,연산3동,2019-10,62819
566,연제구,연산4동,2019-10,108376
567,연제구,연산5동,2019-10,159755
568,연제구,연산6동,2019-10,72152
569,연제구,연산8동,2019-10,92284
570,연제구,연산9동,2019-10,268478
571,수영구,남천1동,2019-10,164786
572,수영구,남천2동,2019-10,86315
573,수영구,수영동,2019-10,107246
574,수영구,망미1동,2019-10,176843
575,수영구,망미2동,2019-10,76010
576,수영구,광안1동,2019-10,153961
577,수영구,광안2동,2019-10,109289
578,수영구,광안3동,2019-10,94068
579,수영구,광안4동,2019-10,72588
580,수영구,민락동,2019-10,170236
581,사상구,삼락동,2019-10,68675
582,사상구,모라1동,2019-10,203782
583,사상구,모라3동,2019-10,65892
584,사상구,덕포1동,2019-10,96247
585,사상구,덕포2동,2019-10,110694
586,사상구,괘법동,2019-10,235742
587,사상구,감전동,2019-10,163210
588,사상구,주례1동,2019-10,102705
589,사상구,주례2동,2019-10,198924
590,사상구,주례3동,2019-10,119006
591,사상구,학장동,2019-10,225897
592,사상구,엄궁동,2019-10,190325
593,기장군,기장읍,2019-10,419749
594,기장군,장안읍,2019-10,109419
595,기장군,일광면,2019-10,93603
596,기장군,철마면,2019-10,60357
597,중구,중앙동,2019-11,119340
598,중구,동광동,2019-11,29264
599,중구,대청동,2019-11,52111
600,중구,보수동,2019-11,61555
601,중구,부평동,2019-11,61356
602,중구,광복동,2019-11,48351
603,중구,남포동,2019-11,83915
604,중구,영주1동,2019-11,39891
605,중구,영주2동,2019-11,42165
606,서구,동대신1동,2019-11,42993
607,서구,동대신2동,2019-11,43190
608,서구,동대신3동,2019-11,68311
609,서구,서대신1동,2019-11,88651
610,서구,서대신3동,2019-11,56334
611,서구,서대신4동,2019-11,48932
612,서구,부민동,2019-11,54131
613,서구,아미동,2019-11,73416
614,서구,초장동,2019-11,19265
615,서구,충무동,2019-11,92516
616,서구,남부민1동,2019-11,45034
617,서구,남부민2동,2019-11,53417
618,서구,암남동,2019-11,142288
619,동구,초량1동,2019-11,49916
620,동구,초량2동,2019-11,61346
621,동구,초량3동,2019-11,120394
622,동구,초량6동,2019-11,40430
623,동구,수정1동,2019-11,34583
624,동구,수정2동,2019-11,68189
625,동구,수정4동,2019-11,20307
626,동구,수정5동,2019-11,28220
627,동구,범일1동,2019-11,47900
628,동구,범일2동,2019-11,152058
629,동구,범일5동,2019-11,32094
630,영도구,남항동,2019-11,97375
631,영도구,영선1동,2019-11,40431
632,영도구,영선2동,2019-11,75621
633,영도구,신선동,2019-11,41663
634,영도구,봉래1동,2019-11,60649
635,영도구,봉래2동,2019-11,45905
636,영도구,청학1동,2019-11,42123
637,영도구,청학2동,2019-11,112704
638,영도구,동삼1동,2019-11,209499
639,영도구,동삼2동,2019-11,60683
640,영도구,동삼3동,2019-11,75823
641,부산진구,부전1동,2019-11,236494
642,부산진구,부전2동,2019-11,328563
643,부산진구,연지동,2019-11,130042
644,부산진구,초읍동,2019-11,152264
645,부산진구,양정1동,2019-11,173830
646,부산진구,양정2동,2019-11,110265
647,부산진구,전포1동,2019-11,171582
648,부산진구,전포2동,2019-11,113103
649,부산진구,부암1동,2019-11,113052
650,부산진구,부암3동,2019-11,121434
651,부산진구,당감1동,2019-11,175252
652,부산진구,당감2동,2019-11,62303
653,부산진구,당감4동,2019-11,108927
654,부산진구,가야1동,2019-11,182915
655,부산진구,가야2동,2019-11,134342
656,부산진구,개금1동,2019-11,119299
657,부산진구,개금2동,2019-11,92903
658,부산진구,개금3동,2019-11,174192
659,부산진구,범천1동,2019-11,125343
660,부산진구,범천2동,2019-11,82345
661,동래구,수민동,2019-11,225480
662,동래구,복산동,2019-11,67108
663,동래구,명륜동,2019-11,165563
664,동래구,온천1동,2019-11,189282
665,동래구,온천2동,2019-11,170898
666,동래구,온천3동,2019-11,209068
667,동래구,사직1동,2019-11,69011
668,동래구,사직2동,2019-11,179872
669,동래구,사직3동,2019-11,97160
670,동래구,안락1동,2019-11,132071
671,동래구,안락2동,2019-11,176404
672,동래구,명장1동,2019-11,88232
673,동래구,명장2동,2019-11,107805
674,남구,대연1동,2019-11,108359
675,남구,대연3동,2019-11,339413
676,남구,대연4동,2019-11,72920
677,남구,대연5동,2019-11,94834
678,남구,대연6동,2019-11,69008
679,남구,용호1동,2019-11,308333
680,남구,용호2동,2019-11,120581
681,남구,용호3동,2019-11,76655
682,남구,용호4동,2019-11,62956
683,남구,용당동,2019-11,92057
684,남구,감만1동,2019-11,107547
685,남구,감만2동,2019-11,50914
686,남구,우암동,2019-11,103049
687,남구,문현1동,2019-11,73156
688,남구,문현2동,2019-11,83114
689,남구,문현3동,2019-11,86937
690,남구,문현4동,2019-11,74048
691,북구,구포1동,2019-11,121240
692,북구,구포2동,2019-11,183420
693,북구,구포3동,2019-11,131347
694,북구,금곡동,2019-11,236944
695,북구,화명1동,2019-11,221533
696,북구,화명2동,2019-11,93343
697,북구,화명3동,2019-11,249790
698,북구,덕천1동,2019-11,120830
699,북구,덕천2동,2019-11,177900
700,북구,덕천3동,2019-11,56330
701,북구,만덕1동,2019-11,62606
702,북구,만덕2동,2019-11,137315
703,북구,만덕3동,2019-11,148134
704,해운대구,우1동,2019-11,287211
705,해운대구,우2동,2019-11,345469
706,해운대구,중1동,2019-11,238422
707,해운대구,중2동,2019-11,87583
708,해운대구,좌1동,2019-11,180857
709,해운대구,좌2동,2019-11,176130
710,해운대구,좌3동,2019-11,124372
711,해운대구,좌4동,2019-11,165685
712,해운대구,송정동,2019-11,80438
713,해운대구,반여1동,2019-11,243808
714,해운대구,반여2동,2019-11,70798
715,해운대구,반여3동,2019-11,60540
716,해운대구,반여4동,2019-11,91722
717,해운대구,반송1동,2019-11,136205
718,해운대구,반송2동,2019-11,171545
719,해운대구,재송1동,2019-11,281738
720,해운대구,재송2동,2019-11,191136
721,사하구,괴정1동,2019-11,153081
722,사하구,괴정2동,2019-11,84316
723,사하구,괴정3동,2019-11,85541
724,사하구,괴정4동,2019-11,88986
725,사하구,당리동,2019-11,185390
726,사하구,하단1동,2019-11,190022
727,사하구,하단2동,2019-11,220634
728,사하구,신평1동,2019-11,104980
729,사하구,신평2동,2019-11,131693
730,사하구,장림1동,2019-11,110492
731,사하구,장림2동,2019-11,201143
732,사하구,다대1동,2019-11,288861
733,사하구,다대2동,2019-11,183536
734,사하구,구평동,2019-11,58155
735,사하구,감천1동,2019-11,148897
736,사하구,감천2동,2019-11,44371
737,금정구,서1동,2019-11,46903
738,금정구,서2동,2019-11,74314
739,금정구,서3동,2019-11,85085
740,금정구,부곡1동,2019-11,58119
741,금정구,부곡2동,2019-11,112436
742,금정구,부곡3동,2019-11,134178
743,금정구,부곡4동,2019-11,61649
744,금정구,장전1동,2019-11,126860
745,금정구,장전2동,2019-11,256070
746,금정구,선두구동,2019-11,41278
747,금정구,청룡노포동,2019-11,96100
748,금정구,남산동,2019-11,207532
749,금정구,구서1동,2019-11,132400
750,금정구,구서2동,2019-11,229533
751,금정구,금성동,2019-11,11350
752,강서구,대저1동,2019-11,91411
753,강서구,대저2동,2019-11,139952
754,강서구,강동동,2019-11,48252
755,강서구,가락동,2019-11,25128
756,강서구,녹산동,2019-11,378426
757,강서구,가덕도동,2019-11,37998
758,연제구,거제1동,2019-11,233409
759,연제구,거제2동,2019-11,139037
760,연제구,거제3동,2019-11,94456
761,연제구,거제4동,2019-11,59693
762,연제구,연산1동,2019-11,126938
763,연제구,연산2동,2019-11,114962
764,연제구,연산3동,2019-11,60966
765,연제구,연산4동,2019-11,108115
766,연제구,연산5동,2019-11,148661
767,연제구,연산6동,2019-11,80541
768,연제구,연산8동,2019-11,90702
769,연제구,연산9동,2019-11,252768
770,수영구,남천1동,2019-11,163013
771,수영구,남천2동,2019-11,78264
772,수영구,수영동,2019-11,105386
773,수영구,망미1동,2019-11,177784
774,수영구,망미2동,2019-11,75559
775,수영구,광안1동,2019-11,173190
776,수영구,광안2동,2019-11,105746
777,수영구,광안3동,2019-11,97102
778,수영구,광안4동,2019-11,74066
779,수영구,민락동,2019-11,158653
780,사상구,삼락동,2019-11,64376
781,사상구,모라1동,2019-11,205663
782,사상구,모라3동,2019-11,73356
783,사상구,덕포1동,2019-11,92134
784,사상구,덕포2동,2019-11,112038
785,사상구,괘법동,2019-11,238914
786,사상구,감전동,2019-11,165724
787,사상구,주례1동,2019-11,106601
788,사상구,주례2동,2019-11,189238
789,사상구,주례3동,2019-11,122491
790,사상구,학장동,2019-11,207115
791,사상구,엄궁동,2019-11,208803
792,기장군,기장읍,2019-11,416382
793,기장군,장안읍,2019-11,106771
794,기장군,일광면,2019-11,88687
795,기장군,철마면,2019-11,55008
796,중구,중앙동,2019-12,122150
797,중구,동광동,2019-12,31183
798,중구,대청동,2019-12,52793
799,중구,보수동,2019-12,65690
800,중구,부평동,2019-12,65357
801,중구,광복동,2019-12,54606
802,중구,남포동,2019-12,94129
803,중구,영주1동,2019-12,41308
804,중구,영주2동,2019-12,42375
805,서구,동대신1동,2019-12,44490
806,서구,동대신2동,2019-12,44319
807,서구,동대신3동,2019-12,65982
808,서구,서대신1동,2019-12,94026
809,서구,서대신3동,2019-12,57158
810,서구,서대신4동,2019-12,48529
811,서구,부민동,2019-12,55576
812,서구,아미동,2019-12,70059
813,서구,초장동,2019-12,20201
814,서구,충무동,2019-12,95653
815,서구,남부민1동,2019-12,45003
816,서구,남부민2동,2019-12,54801
817,서구,암남동,2019-12,135834
818,동구,초량1동,2019-12,52984
819,동구,초량2동,2019-12,61565
820,동구,초량3동,2019-12,121936
821,동구,초량6동,2019-12,42007
822,동구,수정1동,2019-12,33925
823,동구,수정2동,2019-12,69209
824,동구,수정4동,2019-12,21312
825,동구,수정5동,2019-12,27221
826,동구,범일1동,2019-12,47174
827,동구,범일2동,2019-12,153212
828,동구,범일5동,2019-12,33526
829,영도구,남항동,2019-12,95502
830,영도구,영선1동,2019-12,41147
831,영도구,영선2동,2019-12,75728
832,영도구,신선동,2019-12,43177
833,영도구,봉래1동,2019-12,59489
834,영도구,봉래2동,2019-12,45865
835,영도구,청학1동,2019-12,45011
836,영도구,청학2동,2019-12,119565
837,영도구,동삼1동,2019-12,204973
838,영도구,동삼2동,2019-12,53523
839,영도구,동삼3동,2019-12,76725
840,부산진구,부전1동,2019-12,213154
841,부산진구,부전2동,2019-12,303871
842,부산진구,연지동,2019-12,130902
843,부산진구,초읍동,2019-12,149639
844,부산진구,양정1동,2019-12,187036
845,부산진구,양정2동,2019-12,107701
846,부산진구,전포1동,2019-12,182316
847,부산진구,전포2동,2019-12,130241
848,부산진구,부암1동,2019-12,135196
849,부산진구,부암3동,2019-12,124636
850,부산진구,당감1동,2019-12,170554
851,부산진구,당감2동,2019-12,62008
852,부산진구,당감4동,2019-12,109428
853,부산진구,가야1동,2019-12,176552
854,부산진구,가야2동,2019-12,110016
855,부산진구,개금1동,2019-12,114271
856,부산진구,개금2동,2019-12,84526
857,부산진구,개금3동,2019-12,177741
858,부산진구,범천1동,2019-12,129496
859,부산진구,범천2동,2019-12,92429
860,동래구,수민동,2019-12,232521
861,동래구,복산동,2019-12,66755
862,동래구,명륜동,2019-12,163312
863,동래구,온천1동,2019-12,196619
864,동래구,온천2동,2019-12,169940
865,동래구,온천3동,2019-12,207038
866,동래구,사직1동,2019-12,69760
867,동래구,사직2동,2019-12,191314
868,동래구,사직3동,2019-12,95812
869,동래구,안락1동,2019-12,134037
870,동래구,안락2동,2019-12,177753
871,동래구,명장1동,2019-12,89161
872,동래구,명장2동,2019-12,105554
873,남구,대연1동,2019-12,112369
874,남구,대연3동,2019-12,331377
875,남구,대연4동,2019-12,78423
876,남구,대연5동,2019-12,95721
877,남구,대연6동,2019-12,67826
878,남구,용호1동,2019-12,310609
879,남구,용호2동,2019-12,120769
880,남구,용호3동,2019-12,77193
881,남구,용호4동,2019-12,65366
882,남구,용당동,2019-12,86012
883,남구,감만1동,2019-12,109847
884,남구,감만2동,2019-12,52431
885,남구,우암동,2019-12,106083
886,남구,문현1동,2019-12,73380
887,남구,문현2동,2019-12,85099
888,남구,문현3동,2019-12,89641
889,남구,문현4동,2019-12,74454
890,북구,구포1동,2019-12,115952
891,북구,구포2동,2019-12,186163
892,북구,구포3동,2019-12,133528
893,북구,금곡동,2019-12,251247
894,북구,화명1동,2019-12,225326
895,북구,화명2동,2019-12,96618
896,북구,화명3동,2019-12,254456
897,북구,덕천1동,2019-12,109717
898,북구,덕천2동,2019-12,181123
899,북구,덕천3동,2019-12,56200
900,북구,만덕1동,2019-12,60343
901,북구,만덕2동,2019-12,143487
902,북구,만덕3동,2019-12,141251
903,해운대구,우1동,2019-12,280284
904,해운대구,우2동,2019-12,362548
905,해운대구,중1동,2019-12,235526
906,해운대구,중2동,2019-12,95058
907,해운대구,좌1동,2019-12,181789
908,해운대구,좌2동,2019-12,183727
909,해운대구,좌3동,2019-12,125704
910,해운대구,좌4동,2019-12,162545
911,해운대구,송정동,2019-12,83109
912,해운대구,반여1동,2019-12,237386
913,해운대구,반여2동,2019-12,74670
914,해운대구,반여3동,2019-12,57543
915,해운대구,반여4동,2019-12,89012
916,해운대구,반송1동,2019-12,149549
917,해운대구,반송2동,2019-12,173730
918,해운대구,재송1동,2019-12,284073
919,해운대구,재송2동,2019-12,199045
920,사하구,괴정1동,2019-12,156325
921,사하구,괴정2동,2019-12,81025
922,사하구,괴정3동,2019-12,87586
923,사하구,괴정4동,2019-12,88614
924,사하구,당리동,2019-12,187918
925,사하구,하단1동,2019-12,194270
926,사하구,하단2동,2019-12,216612
927,사하구,신평1동,2019-12,102919
928,사하구,신평2동,2019-12,133135
929,사하구,장림1동,2019-12,112710
930,사하구,장림2동,2019-12,209373
931,사하구,다대1동,2019-12,290652
932,사하구,다대2동,2019-12,187826
933,사하구,구평동,2019-12,55500
934,사하구,감천1동,2019-12,151005
935,사하구,감천2동,2019-12,45331
936,금정구,서1동,2019-12,47150
937,금정구,서2동,2019-12,75302
938,금정구,서3동,2019-12,86074
939,금정구,부곡1동,2019-12,61816
940,금정구,부곡2동,2019-12,120276
941,금정구,부곡3동,2019-12,128414
942,금정구,부곡4동,2019-12,61724
943,금정구,장전1동,2019-12,130714
944,금정구,장전2동,2019-12,249630
945,금정구,선두구동,2019-12,38624
946,금정구,청룡노포동,2019-12,95169
947,금정구,남산동,2019-12,209102
948,금정구,구서1동,2019-12,124231
949,금정구,구서2동,2019-12,239428
950,금정구,금성동,2019-12,10766
951,강서구,대저1동,2019-12,71212
952,강서구,대저2동,2019-12,150989
953,강서구,강동동,2019-12,53497
954,강서구,가락동,2019-12,25455
955,강서구,녹산동,2019-12,359380
956,강서구,가덕도동,2019-12,38368
957,연제구,거제1동,2019-12,228289
958,연제구,거제2동,2019-12,135760
959,연제구,거제3동,2019-12,89866
960,연제구,거제4동,2019-12,64245
961,연제구,연산1동,2019-12,126699
962,연제구,연산2동,2019-12,114471
963,연제구,연산3동,2019-12,60064
964,연제구,연산4동,2019-12,107647
965,연제구,연산5동,2019-12,155357
966,연제구,연산6동,2019-12,88208
967,연제구,연산8동,2019-12,92159
968,연제구,연산9동,2019-12,252978
969,수영구,남천1동,2019-12,165890
970,수영구,남천2동,2019-12,91836
971,수영구,수영동,2019-12,107033
972,수영구,망미1동,2019-12,175606
973,수영구,망미2동,2019-12,74523
974,수영구,광안1동,2019-12,178569
975,수영구,광안2동,2019-12,109704
976,수영구,광안3동,2019-12,100659
977,수영구,광안4동,2019-12,75216
978,수영구,민락동,2019-12,171768
979,사상구,삼락동,2019-12,61548
980,사상구,모라1동,2019-12,201437
981,사상구,모라3동,2019-12,68265
982,사상구,덕포1동,2019-12,92618
983,사상구,덕포2동,2019-12,111924
984,사상구,괘법동,2019-12,239808
985,사상구,감전동,2019-12,164411
986,사상구,주례1동,2019-12,109902
987,사상구,주례2동,2019-12,186175
988,사상구,주례3동,2019-12,126316
989,사상구,학장동,2019-12,202732
990,사상구,엄궁동,2019-12,211134
991,기장군,기장읍,2019-12,423219
992,기장군,장안읍,2019-12,103656
993,기장군,일광면,2019-12,86151
994,기장군,철마면,2019-12,42571
995,중구,중앙동,2020-01,108457
996,중구,동광동,2020-01,27870
997,중구,대청동,2020-01,55568
998,중구,보수동,2020-01,60563
999,중구,부평동,2020-01,66109
1000,중구,광복동,2020-01,53452
1001,중구,남포동,2020-01,83969
1002,중구,영주1동,2020-01,41781
1003,중구,영주2동,2020-01,44230
1004,중구,중앙동,2020-02,46732
1005,중구,동광동,2020-02,45261
1006,중구,대청동,2020-02,63066
1007,중구,보수동,2020-02,92346
1008,중구,부평동,2020-02,55198
1009,중구,광복동,2020-02,48127
1010,중구,남포동,2020-02,46623
1011,중구,영주1동,2020-02,68569
1012,중구,영주2동,2020-02,19259
1013,중구,중앙동,2020-03,94703
1014,중구,동광동,2020-03,41787
1015,중구,대청동,2020-03,58116
1016,중구,보수동,2020-03,147215
1017,중구,부평동,2020-03,51227
1018,중구,광복동,2020-03,61145
1019,중구,남포동,2020-03,122024
1020,중구,영주1동,2020-03,42908
1021,중구,영주2동,2020-03,33083
1022,중구,중앙동,2020-04,67436
1023,중구,동광동,2020-04,21646
1024,중구,대청동,2020-04,27598
1025,중구,보수동,2020-04,50367
1026,중구,부평동,2020-04,145652
1027,중구,광복동,2020-04,31152
1028,중구,남포동,2020-04,98386
1029,중구,영주1동,2020-04,40935
1030,중구,영주2동,2020-04,75653
1031,중구,중앙동,2020-05,44867
1032,중구,동광동,2020-05,60173
1033,중구,대청동,2020-05,48530
1034,중구,보수동,2020-05,47626
1035,중구,부평동,2020-05,126812
1036,중구,광복동,2020-05,200064
1037,중구,남포동,2020-05,37904
1038,중구,영주1동,2020-05,79546
1039,중구,영주2동,2020-05,204959
1040,중구,중앙동,2020-06,316833
1041,중구,동광동,2020-06,136606
1042,중구,대청동,2020-06,152644
1043,중구,보수동,2020-06,189358
1044,중구,부평동,2020-06,100494
1045,중구,광복동,2020-06,175780
1046,중구,남포동,2020-06,126181
1047,중구,영주1동,2020-06,116971
1048,중구,영주2동,2020-06,125638
1049,중구,중앙동,2020-07,171810
1050,중구,동광동,2020-07,63051
1051,중구,대청동,2020-07,116433
1052,중구,보수동,2020-07,158564
1053,중구,부평동,2020-07,110453
1054,중구,광복동,2020-07,114057
1055,중구,남포동,2020-07,80201
1056,중구,영주1동,2020-07,185936
1057,중구,영주2동,2020-07,125227
1058,서구,동대신1동,2020-01,98149
1059,서구,동대신2동,2020-01,236305
1060,서구,동대신3동,2020-01,68071
1061,서구,서대신1동,2020-01,162915
1062,서구,서대신3동,2020-01,204678
1063,서구,서대신4동,2020-01,169622
1064,서구,부민동,2020-01,203647
1065,서구,아미동,2020-01,69808
1066,서구,초장동,2020-01,190686
1067,서구,충무동,2020-01,99311
1068,서구,남부민1동,2020-01,134773
1069,서구,남부민2동,2020-01,181219
1070,서구,암남동,2020-01,92798
1071,서구,동대신1동,2020-02,105977
1072,서구,동대신2동,2020-02,113107
1073,서구,동대신3동,2020-02,305089
1074,서구,서대신1동,2020-02,75736
1075,서구,서대신3동,2020-02,97543
1076,서구,서대신4동,2020-02,66949
1077,서구,부민동,2020-02,305969
1078,서구,아미동,2020-02,123777
1079,서구,초장동,2020-02,77115
1080,서구,충무동,2020-02,66076
1081,서구,남부민1동,2020-02,79101
1082,서구,남부민2동,2020-02,113349
1083,서구,암남동,2020-02,55337
1084,서구,동대신1동,2020-03,108430
1085,서구,동대신2동,2020-03,72024
1086,서구,동대신3동,2020-03,85878
1087,서구,서대신1동,2020-03,89097
1088,서구,서대신3동,2020-03,78221
1089,서구,서대신4동,2020-03,119163
1090,서구,부민동,2020-03,193827
1091,서구,아미동,2020-03,133293
1092,서구,초장동,2020-03,256689
1093,서구,충무동,2020-03,236991
1094,서구,남부민1동,2020-03,94255
1095,서구,남부민2동,2020-03,259679
1096,서구,암남동,2020-03,111403
1097,서구,동대신1동,2020-04,180539
1098,서구,동대신2동,2020-04,54240
1099,서구,동대신3동,2020-04,72146
1100,서구,서대신1동,2020-04,140640
1101,서구,서대신3동,2020-04,143268
1102,서구,서대신4동,2020-04,273226
1103,서구,부민동,2020-04,346706
1104,서구,아미동,2020-04,236002
1105,서구,초장동,2020-04,88356
1106,서구,충무동,2020-04,172032
1107,서구,남부민1동,2020-04,191066
1108,서구,남부민2동,2020-04,125416
1109,서구,암남동,2020-04,160526
1110,서구,동대신1동,2020-05,83697
1111,서구,동대신2동,2020-05,240387
1112,서구,동대신3동,2020-05,79635
1113,서구,서대신1동,2020-05,60966
1114,서구,서대신3동,2020-05,90180
1115,서구,서대신4동,2020-05,131378
1116,서구,부민동,2020-05,182165
1117,서구,아미동,2020-05,279174
1118,서구,초장동,2020-05,202413
1119,서구,충무동,2020-05,163761
1120,서구,남부민1동,2020-05,82430
1121,서구,남부민2동,2020-05,86387
1122,서구,암남동,2020-05,91671
1123,서구,동대신1동,2020-06,197545
1124,서구,동대신2동,2020-06,196501
1125,서구,동대신3동,2020-06,196839
1126,서구,서대신1동,2020-06,106772
1127,서구,서대신3동,2020-06,132532
1128,서구,서대신4동,2020-06,105011
1129,서구,부민동,2020-06,203793
1130,서구,아미동,2020-06,298782
1131,서구,초장동,2020-06,191414
1132,서구,충무동,2020-06,52805
1133,서구,남부민1동,2020-06,157069
1134,서구,남부민2동,2020-06,44530
1135,서구,암남동,2020-06,50248
1136,서구,동대신1동,2020-07,76893
1137,서구,동대신2동,2020-07,89438
1138,서구,동대신3동,2020-07,65358
1139,서구,서대신1동,2020-07,119402
1140,서구,서대신3동,2020-07,115734
1141,서구,서대신4동,2020-07,61073
1142,서구,부민동,2020-07,121130
1143,서구,아미동,2020-07,118690
1144,서구,초장동,2020-07,120547
1145,서구,충무동,2020-07,37338
1146,서구,남부민1동,2020-07,95933
1147,서구,남부민2동,2020-07,206165
1148,서구,암남동,2020-07,115627
1149,동구,초량1동,2020-01,244810
1150,동구,초량2동,2020-01,9598
1151,동구,초량3동,2020-01,71401
1152,동구,초량6동,2020-01,148088
1153,동구,수정1동,2020-01,53474
1154,동구,수정2동,2020-01,23548
1155,동구,수정4동,2020-01,343767
1156,동구,수정5동,2020-01,38975
1157,동구,범일1동,2020-01,222574
1158,동구,범일2동,2020-01,131912
1159,동구,범일5동,2020-01,91523
1160,동구,초량1동,2020-02,61900
1161,동구,초량2동,2020-02,127146
1162,동구,초량3동,2020-02,120518
1163,동구,초량6동,2020-02,64685
1164,동구,수정1동,2020-02,107912
1165,동구,수정2동,2020-02,156821
1166,동구,수정4동,2020-02,95511
1167,동구,수정5동,2020-02,90661
1168,동구,범일1동,2020-02,256510
1169,동구,범일2동,2020-02,165318
1170,동구,범일5동,2020-02,91070
1171,동구,초량1동,2020-03,106981
1172,동구,초량2동,2020-03,185116
1173,동구,초량3동,2020-03,78889
1174,동구,초량6동,2020-03,176821
1175,동구,수정1동,2020-03,114514
1176,동구,수정2동,2020-03,100566
1177,동구,수정4동,2020-03,73059
1178,동구,수정5동,2020-03,163574
1179,동구,범일1동,2020-03,60759
1180,동구,범일2동,2020-03,222248
1181,동구,범일5동,2020-03,73826
1182,동구,초량1동,2020-04,94910
1183,동구,초량2동,2020-04,111156
1184,동구,초량3동,2020-04,219931
1185,동구,초량6동,2020-04,158683
1186,동구,수정1동,2020-04,115753
1187,동구,수정2동,2020-04,183100
1188,동구,수정4동,2020-04,123658
1189,동구,수정5동,2020-04,207818
1190,동구,범일1동,2020-04,201170
1191,동구,범일2동,2020-04,427702
1192,동구,범일5동,2020-04,101178
1193,동구,초량1동,2020-05,88739
1194,동구,초량2동,2020-05,59196
1195,동구,초량3동,2020-05,108046
1196,동구,초량6동,2020-05,25871
1197,동구,수정1동,2020-05,55021
1198,동구,수정2동,2020-05,60796
1199,동구,수정4동,2020-05,61230
1200,동구,수정5동,2020-05,46300
1201,동구,범일1동,2020-05,67174
1202,동구,범일2동,2020-05,41558
1203,동구,범일5동,2020-05,44385
1204,동구,초량1동,2020-06,47396
1205,동구,초량2동,2020-06,44827
1206,동구,초량3동,2020-06,62937
1207,동구,초량6동,2020-06,93733
1208,동구,수정1동,2020-06,56221
1209,동구,수정2동,2020-06,48150
1210,동구,수정4동,2020-06,48705
1211,동구,수정5동,2020-06,68524
1212,동구,범일1동,2020-06,21601
1213,동구,범일2동,2020-06,93357
1214,동구,범일5동,2020-06,43069
1215,동구,초량1동,2020-07,57787
1216,동구,초량2동,2020-07,139680
1217,동구,초량3동,2020-07,48816
1218,동구,초량6동,2020-07,60846
1219,동구,수정1동,2020-07,118391
1220,동구,수정2동,2020-07,41370
1221,동구,수정4동,2020-07,33227
1222,동구,수정5동,2020-07,64724
1223,동구,범일1동,2020-07,21376
1224,동구,범일2동,2020-07,26965
1225,동구,범일5동,2020-07,50049
1226,영도구,남항동,2020-01,146898
1227,영도구,영선1동,2020-01,33795
1228,영도구,영선2동,2020-01,96964
1229,영도구,신선동,2020-01,40089
1230,영도구,봉래1동,2020-01,73228
1231,영도구,봉래2동,2020-01,44039
1232,영도구,청학1동,2020-01,54764
1233,영도구,청학2동,2020-01,48973
1234,영도구,동삼1동,2020-01,47739
1235,영도구,동삼2동,2020-01,126876
1236,영도구,동삼3동,2020-01,213379
1237,영도구,남항동,2020-02,43470
1238,영도구,영선1동,2020-02,81220
1239,영도구,영선2동,2020-02,192892
1240,영도구,신선동,2020-02,288118
1241,영도구,봉래1동,2020-02,138450
1242,영도구,봉래2동,2020-02,152275
1243,영도구,청학1동,2020-02,193310
1244,영도구,청학2동,2020-02,103309
1245,영도구,동삼1동,2020-02,178159
1246,영도구,동삼2동,2020-02,123901
1247,영도구,동삼3동,2020-02,122442
1248,영도구,남항동,2020-03,125853
1249,영도구,영선1동,2020-03,173294
1250,영도구,영선2동,2020-03,63140
1251,영도구,신선동,2020-03,114729
1252,영도구,봉래1동,2020-03,160359
1253,영도구,봉래2동,2020-03,110754
1254,영도구,청학1동,2020-03,113908
1255,영도구,청학2동,2020-03,78661
1256,영도구,동삼1동,2020-03,183339
1257,영도구,동삼2동,2020-03,122205
1258,영도구,동삼3동,2020-03,97304
1259,영도구,남항동,2020-04,233410
1260,영도구,영선1동,2020-04,67373
1261,영도구,영선2동,2020-04,157220
1262,영도구,신선동,2020-04,193910
1263,영도구,봉래1동,2020-04,166857
1264,영도구,봉래2동,2020-04,203681
1265,영도구,청학1동,2020-04,69079
1266,영도구,청학2동,2020-04,193838
1267,영도구,동삼1동,2020-04,98929
1268,영도구,동삼2동,2020-04,134025
1269,영도구,동삼3동,2020-04,182907
1270,영도구,남항동,2020-05,85869
1271,영도구,영선1동,2020-05,109931
1272,영도구,영선2동,2020-05,116408
1273,영도구,신선동,2020-05,314518
1274,영도구,봉래1동,2020-05,74616
1275,영도구,봉래2동,2020-05,95965
1276,영도구,청학1동,2020-05,67122
1277,영도구,청학2동,2020-05,312587
1278,영도구,동삼1동,2020-05,128656
1279,영도구,동삼2동,2020-05,76672
1280,영도구,동삼3동,2020-05,68621
1281,영도구,남항동,2020-06,86317
1282,영도구,영선1동,2020-06,112630
1283,영도구,영선2동,2020-06,55932
1284,영도구,신선동,2020-06,107520
1285,영도구,봉래1동,2020-06,78114
1286,영도구,봉래2동,2020-06,86713
1287,영도구,청학1동,2020-06,88725
1288,영도구,청학2동,2020-06,77077
1289,영도구,동삼1동,2020-06,113652
1290,영도구,동삼2동,2020-06,192091
1291,영도구,동삼3동,2020-06,139335
1292,영도구,남항동,2020-07,260723
1293,영도구,영선1동,2020-07,238883
1294,영도구,영선2동,2020-07,95097
1295,영도구,신선동,2020-07,264305
1296,영도구,봉래1동,2020-07,110164
1297,영도구,봉래2동,2020-07,173285
1298,영도구,청학1동,2020-07,59136
1299,영도구,청학2동,2020-07,64560
1300,영도구,동삼1동,2020-07,145234
1301,영도구,동삼2동,2020-07,146982
1302,영도구,동삼3동,2020-07,279362
1303,부산진구,부전1동,2020-01,327261
1304,부산진구,부전2동,2020-01,221630
1305,부산진구,연지동,2020-01,83685
1306,부산진구,초읍동,2020-01,181033
1307,부산진구,양정1동,2020-01,185719
1308,부산진구,양정2동,2020-01,133606
1309,부산진구,전포1동,2020-01,166341
1310,부산진구,전포2동,2020-01,79433
1311,부산진구,부암1동,2020-01,241707
1312,부산진구,부암3동,2020-01,74227
1313,부산진구,당감1동,2020-01,59843
1314,부산진구,당감2동,2020-01,91590
1315,부산진구,당감4동,2020-01,137604
1316,부산진구,가야1동,2020-01,180695
1317,부산진구,가야2동,2020-01,290138
1318,부산진구,개금1동,2020-01,202975
1319,부산진구,개금2동,2020-01,161197
1320,부산진구,개금3동,2020-01,85105
1321,부산진구,범천1동,2020-01,86082
1322,부산진구,범천2동,2020-01,92384
1323,부산진구,부전1동,2020-02,199431
1324,부산진구,부전2동,2020-02,195221
1325,부산진구,연지동,2020-02,208599
1326,부산진구,초읍동,2020-02,110278
1327,부산진구,양정1동,2020-02,136597
1328,부산진구,양정2동,2020-02,105662
1329,부산진구,전포1동,2020-02,204773
1330,부산진구,전포2동,2020-02,297737
1331,부산진구,부암1동,2020-02,195645
1332,부산진구,부암3동,2020-02,55897
1333,부산진구,당감1동,2020-02,154679
1334,부산진구,당감2동,2020-02,46775
1335,부산진구,당감4동,2020-02,49672
1336,부산진구,가야1동,2020-02,73933
1337,부산진구,가야2동,2020-02,89870
1338,부산진구,개금1동,2020-02,64250
1339,부산진구,개금2동,2020-02,121355
1340,부산진구,개금3동,2020-02,121431
1341,부산진구,범천1동,2020-02,62065
1342,부산진구,범천2동,2020-02,127986
1343,부산진구,부전1동,2020-03,120695
1344,부산진구,부전2동,2020-03,117314
1345,부산진구,연지동,2020-03,33694
1346,부산진구,초읍동,2020-03,90534
1347,부산진구,양정1동,2020-03,211739
1348,부산진구,양정2동,2020-03,123630
1349,부산진구,전포1동,2020-03,254696
1350,부산진구,전포2동,2020-03,9182
1351,부산진구,부암1동,2020-03,74820
1352,부산진구,부암3동,2020-03,132269
1353,부산진구,당감1동,2020-03,53315
1354,부산진구,당감2동,2020-03,24440
1355,부산진구,당감4동,2020-03,359042
1356,부산진구,가야1동,2020-03,40851
1357,부산진구,가야2동,2020-03,226187
1358,부산진구,개금1동,2020-03,132615
1359,부산진구,개금2동,2020-03,92951
1360,부산진구,개금3동,2020-03,62843
1361,부산진구,범천1동,2020-03,130456
1362,부산진구,범천2동,2020-03,120518
1363,부산진구,부전1동,2020-04,63337
1364,부산진구,부전2동,2020-04,107883
1365,부산진구,연지동,2020-04,157748
1366,부산진구,초읍동,2020-04,91732
1367,부산진구,양정1동,2020-04,91340
1368,부산진구,양정2동,2020-04,253816
1369,부산진구,전포1동,2020-04,170293
1370,부산진구,전포2동,2020-04,98245
1371,부산진구,부암1동,2020-04,107060
1372,부산진구,부암3동,2020-04,185973
1373,부산진구,당감1동,2020-04,77998
1374,부산진구,당감2동,2020-04,173823
1375,부산진구,당감4동,2020-04,112892
1376,부산진구,가야1동,2020-04,99682
1377,부산진구,가야2동,2020-04,75998
1378,부산진구,개금1동,2020-04,158554
1379,부산진구,개금2동,2020-04,62017
1380,부산진구,개금3동,2020-04,210735
1381,부산진구,범천1동,2020-04,71179
1382,부산진구,범천2동,2020-04,98001
1383,부산진구,부전1동,2020-05,117643
1384,부산진구,부전2동,2020-05,223116
1385,부산진구,연지동,2020-05,167589
1386,부산진구,초읍동,2020-05,116266
1387,부산진구,양정1동,2020-05,190410
1388,부산진구,양정2동,2020-05,124572
1389,부산진구,전포1동,2020-05,200126
1390,부산진구,전포2동,2020-05,214113
1391,부산진구,부암1동,2020-05,430137
1392,부산진구,부암3동,2020-05,105592
1393,부산진구,당감1동,2020-05,88187
1394,부산진구,당감2동,2020-05,53673
1395,부산진구,당감4동,2020-05,102055
1396,부산진구,가야1동,2020-05,22090
1397,부산진구,가야2동,2020-05,50626
1398,부산진구,개금1동,2020-05,65418
1399,부산진구,개금2동,2020-05,59217
1400,부산진구,개금3동,2020-05,35830
1401,부산진구,범천1동,2020-05,54078
1402,부산진구,범천2동,2020-05,38913
1403,부산진구,부전1동,2020-06,45278
1404,부산진구,부전2동,2020-06,47811
1405,부산진구,연지동,2020-06,46229
1406,부산진구,초읍동,2020-06,61117
1407,부산진구,양정1동,2020-06,94743
1408,부산진구,양정2동,2020-06,57603
1409,부산진구,전포1동,2020-06,49545
1410,부산진구,전포2동,2020-06,47688
1411,부산진구,부암1동,2020-06,67849
1412,부산진구,부암3동,2020-06,21722
1413,부산진구,당감1동,2020-06,93045
1414,부산진구,당감2동,2020-06,44128
1415,부산진구,당감4동,2020-06,57756
1416,부산진구,가야1동,2020-06,138451
1417,부산진구,가야2동,2020-06,43206
1418,부산진구,개금1동,2020-06,57529
1419,부산진구,개금2동,2020-06,113525
1420,부산진구,개금3동,2020-06,42072
1421,부산진구,범천1동,2020-06,33492
1422,부산진구,범천2동,2020-06,61888
1423,부산진구,부전1동,2020-07,22417
1424,부산진구,부전2동,2020-07,35054
1425,부산진구,연지동,2020-07,47290
1426,부산진구,초읍동,2020-07,135971
1427,부산진구,양정1동,2020-07,27878
1428,부산진구,양정2동,2020-07,96807
1429,부산진구,전포1동,2020-07,40328
1430,부산진구,전포2동,2020-07,74642
1431,부산진구,부암1동,2020-07,49998
1432,부산진구,부암3동,2020-07,52680
1433,부산진구,당감1동,2020-07,51622
1434,부산진구,당감2동,2020-07,48792
1435,부산진구,당감4동,2020-07,132048
1436,부산진구,가야1동,2020-07,205124
1437,부산진구,가야2동,2020-07,44391
1438,부산진구,개금1동,2020-07,82731
1439,부산진구,개금2동,2020-07,179132
1440,부산진구,개금3동,2020-07,222272
1441,부산진구,범천1동,2020-07,142596
1442,부산진구,범천2동,2020-07,152143
1443,동래구,수민동,2020-01,192239
1444,동래구,복산동,2020-01,101248
1445,동래구,명륜동,2020-01,161669
1446,동래구,온천1동,2020-01,127661
1447,동래구,온천2동,2020-01,117473
1448,동래구,온천3동,2020-01,127746
1449,동래구,사직1동,2020-01,177443
1450,동래구,사직2동,2020-01,64360
1451,동래구,사직3동,2020-01,117115
1452,동래구,안락1동,2020-01,158882
1453,동래구,안락2동,2020-01,116035
1454,동래구,명장1동,2020-01,122571
1455,동래구,명장2동,2020-01,81611
1456,동래구,수민동,2020-02,195585
1457,동래구,복산동,2020-02,114382
1458,동래구,명륜동,2020-02,96535
1459,동래구,온천1동,2020-02,241317
1460,동래구,온천2동,2020-02,65481
1461,동래구,온천3동,2020-02,148078
1462,동래구,사직1동,2020-02,190436
1463,동래구,사직2동,2020-02,162736
1464,동래구,사직3동,2020-02,201894
1465,동래구,안락1동,2020-02,71025
1466,동래구,안락2동,2020-02,202257
1467,동래구,명장1동,2020-02,86458
1468,동래구,명장2동,2020-02,156719
1469,동래구,수민동,2020-03,179906
1470,동래구,복산동,2020-03,90299
1471,동래구,명륜동,2020-03,111096
1472,동래구,온천1동,2020-03,116722
1473,동래구,온천2동,2020-03,309315
1474,동래구,온천3동,2020-03,73052
1475,동래구,사직1동,2020-03,98520
1476,동래구,사직2동,2020-03,68093
1477,동래구,사직3동,2020-03,321141
1478,동래구,안락1동,2020-03,129066
1479,동래구,안락2동,2020-03,76720
1480,동래구,명장1동,2020-03,69908
1481,동래구,명장2동,2020-03,84856
1482,동래구,수민동,2020-04,114298
1483,동래구,복산동,2020-04,55575
1484,동래구,명륜동,2020-04,111263
1485,동래구,온천1동,2020-04,76277
1486,동래구,온천2동,2020-04,79180
1487,동래구,온천3동,2020-04,89758
1488,동래구,사직1동,2020-04,80296
1489,동래구,사직2동,2020-04,108605
1490,동래구,사직3동,2020-04,191466
1491,동래구,안락1동,2020-04,142416
1492,동래구,안락2동,2020-04,259415
1493,동래구,명장1동,2020-04,247874
1494,동래구,명장2동,2020-04,95789
1495,동래구,수민동,2020-05,251607
1496,동래구,복산동,2020-05,112856
1497,동래구,명륜동,2020-05,184203
1498,동래구,온천1동,2020-05,64798
1499,동래구,온천2동,2020-05,59027
1500,동래구,온천3동,2020-05,136466
1501,동래구,사직1동,2020-05,166175
1502,동래구,사직2동,2020-05,262853
1503,동래구,사직3동,2020-05,294373
1504,동래구,안락1동,2020-05,201868
1505,동래구,안락2동,2020-05,82755
1506,동래구,명장1동,2020-05,176421
1507,동래구,명장2동,2020-05,181425
1508,동래구,수민동,2020-06,134307
1509,동래구,복산동,2020-06,170105
1510,동래구,명륜동,2020-06,80753
1511,동래구,온천1동,2020-06,245322
1512,동래구,온천2동,2020-06,75807
1513,동래구,온천3동,2020-06,58047
1514,동래구,사직1동,2020-06,91151
1515,동래구,사직2동,2020-06,149767
1516,동래구,사직3동,2020-06,183935
1517,동래구,안락1동,2020-06,295069
1518,동래구,안락2동,2020-06,209888
1519,동래구,명장1동,2020-06,157877
1520,동래구,명장2동,2020-06,87545
1521,동래구,수민동,2020-07,79657
1522,동래구,복산동,2020-07,93352
1523,동래구,명륜동,2020-07,200793
1524,동래구,온천1동,2020-07,192622
1525,동래구,온천2동,2020-07,200283
1526,동래구,온천3동,2020-07,131004
1527,동래구,사직1동,2020-07,144291
1528,동래구,사직2동,2020-07,107375
1529,동래구,사직3동,2020-07,206870
1530,동래구,안락1동,2020-07,298364
1531,동래구,안락2동,2020-07,195023
1532,동래구,명장1동,2020-07,56253
1533,동래구,명장2동,2020-07,153833
1534,남구,대연1동,2020-01,47086
1535,남구,대연3동,2020-01,52608
1536,남구,대연4동,2020-01,74279
1537,남구,대연5동,2020-01,92309
1538,남구,대연6동,2020-01,62152
1539,남구,용호1동,2020-01,123485
1540,남구,용호2동,2020-01,147338
1541,남구,용호3동,2020-01,64328
1542,남구,용호4동,2020-01,132175
1543,남구,용당동,2020-01,118666
1544,남구,감만1동,2020-01,115220
1545,남구,감만2동,2020-01,30864
1546,남구,우암동,2020-01,91129
1547,남구,문현1동,2020-01,215771
1548,남구,문현2동,2020-01,123593
1549,남구,문현3동,2020-01,250275
1550,남구,문현4동,2020-01,10095
1551,남구,대연1동,2020-02,75370
1552,남구,대연3동,2020-02,126864
1553,남구,대연4동,2020-02,47715
1554,남구,대연5동,2020-02,25462
1555,남구,대연6동,2020-02,356243
1556,남구,용호1동,2020-02,42408
1557,남구,용호2동,2020-02,226389
1558,남구,용호3동,2020-02,131308
1559,남구,용호4동,2020-02,91755
1560,남구,용당동,2020-02,62182
1561,남구,감만1동,2020-02,127576
1562,남구,감만2동,2020-02,118674
1563,남구,우암동,2020-02,57766
1564,남구,문현1동,2020-02,109076
1565,남구,문현2동,2020-02,148914
1566,남구,문현3동,2020-02,85909
1567,남구,문현4동,2020-02,91178
1568,남구,대연1동,2020-03,260018
1569,남구,대연3동,2020-03,167070
1570,남구,대연4동,2020-03,98434
1571,남구,대연5동,2020-03,104631
1572,남구,대연6동,2020-03,184704
1573,남구,용호1동,2020-03,80013
1574,남구,용호2동,2020-03,181593
1575,남구,용호3동,2020-03,106313
1576,남구,용호4동,2020-03,96822
1577,남구,용당동,2020-03,74918
1578,남구,감만1동,2020-03,160084
1579,남구,감만2동,2020-03,65093
1580,남구,우암동,2020-03,201553
1581,남구,문현1동,2020-03,65472
1582,남구,문현2동,2020-03,100890
1583,남구,문현3동,2020-03,122040
1584,남구,문현4동,2020-03,218616
1585,남구,대연1동,2020-04,176253
1586,남구,대연3동,2020-04,113486
1587,남구,대연4동,2020-04,185642
1588,남구,대연5동,2020-04,121290
1589,남구,대연6동,2020-04,207351
1590,남구,용호1동,2020-04,215879
1591,남구,용호2동,2020-04,434220
1592,남구,용호3동,2020-04,111218
1593,남구,용호4동,2020-04,84639
1594,남구,용당동,2020-04,49994
1595,남구,감만1동,2020-04,103793
1596,남구,감만2동,2020-04,23276
1597,남구,우암동,2020-04,49325
1598,남구,문현1동,2020-04,65381
1599,남구,문현2동,2020-04,65298
1600,남구,문현3동,2020-04,37654
1601,남구,문현4동,2020-04,62200
1602,남구,대연1동,2020-05,39715
1603,남구,대연3동,2020-05,43416
1604,남구,대연4동,2020-05,47671
1605,남구,대연5동,2020-05,45801
1606,남구,대연6동,2020-05,66550
1607,남구,용호1동,2020-05,96740
1608,남구,용호2동,2020-05,58411
1609,남구,용호3동,2020-05,47920
1610,남구,용호4동,2020-05,47235
1611,남구,용당동,2020-05,69486
1612,남구,감만1동,2020-05,20557
1613,남구,감만2동,2020-05,95443
1614,남구,우암동,2020-05,42891
1615,남구,문현1동,2020-05,57663
1616,남구,문현2동,2020-05,146702
1617,남구,문현3동,2020-05,44404
1618,남구,문현4동,2020-05,57282
1619,남구,대연1동,2020-06,117311
1620,남구,대연3동,2020-06,41561
1621,남구,대연4동,2020-06,31157
1622,남구,대연5동,2020-06,63408
1623,남구,대연6동,2020-06,21585
1624,남구,용호1동,2020-06,34469
1625,남구,용호2동,2020-06,43699
1626,남구,용호3동,2020-06,142635
1627,남구,용호4동,2020-06,27193
1628,남구,용당동,2020-06,90284
1629,남구,감만1동,2020-06,39818
1630,남구,감만2동,2020-06,71472
1631,남구,우암동,2020-06,47887
1632,남구,문현1동,2020-06,52393
1633,남구,문현2동,2020-06,51714
1634,남구,문현3동,2020-06,49216
1635,남구,문현4동,2020-06,135827
1636,남구,대연1동,2020-07,215304
1637,남구,대연3동,2020-07,45820
1638,남구,대연4동,2020-07,85259
1639,남구,대연5동,2020-07,191467
1640,남구,대연6동,2020-07,247018
1641,남구,용호1동,2020-07,142661
1642,남구,용호2동,2020-07,158075
1643,남구,용호3동,2020-07,201064
1644,남구,용호4동,2020-07,105258
1645,남구,용당동,2020-07,167982
1646,남구,감만1동,2020-07,126116
1647,남구,감만2동,2020-07,135677
1648,남구,우암동,2020-07,123282
1649,남구,문현1동,2020-07,174113
1650,남구,문현2동,2020-07,67354
1651,남구,문현3동,2020-07,107420
1652,남구,문현4동,2020-07,162042
1653,북구,구포1동,2020-01,118849
1654,북구,구포2동,2020-01,130330
1655,북구,구포3동,2020-01,83117
1656,북구,금곡동,2020-01,192015
1657,북구,화명1동,2020-01,117003
1658,북구,화명2동,2020-01,91535
1659,북구,화명3동,2020-01,241347
1660,북구,덕천1동,2020-01,65901
1661,북구,덕천2동,2020-01,162080
1662,북구,덕천3동,2020-01,201462
1663,북구,만덕1동,2020-01,169163
1664,북구,만덕2동,2020-01,196934
1665,북구,만덕3동,2020-01,74191
1666,북구,구포1동,2020-02,204901
1667,북구,구포2동,2020-02,90341
1668,북구,구포3동,2020-02,148016
1669,북구,금곡동,2020-02,169384
1670,북구,화명1동,2020-02,90515
1671,북구,화명2동,2020-02,110229
1672,북구,화명3동,2020-02,115858
1673,북구,덕천1동,2020-02,318599
1674,북구,덕천2동,2020-02,72373
1675,북구,덕천3동,2020-02,101850
1676,북구,만덕1동,2020-02,66086
1677,북구,만덕2동,2020-02,318636
1678,북구,만덕3동,2020-02,128019
1679,북구,구포1동,2020-03,78646
1680,북구,구포2동,2020-03,73685
1681,북구,구포3동,2020-03,85203
1682,북구,금곡동,2020-03,114364
1683,북구,화명1동,2020-03,55497
1684,북구,화명2동,2020-03,112068
1685,북구,화명3동,2020-03,76861
1686,북구,덕천1동,2020-03,81587
1687,북구,덕천2동,2020-03,91983
1688,북구,덕천3동,2020-03,79724
1689,북구,만덕1동,2020-03,113361
1690,북구,만덕2동,2020-03,192097
1691,북구,만덕3동,2020-03,142554
1692,북구,구포1동,2020-04,266853
1693,북구,구포2동,2020-04,247830
1694,북구,구포3동,2020-04,98429
1695,북구,금곡동,2020-04,255783
1696,북구,화명1동,2020-04,116569
1697,북구,화명2동,2020-04,169274
1698,북구,화명3동,2020-04,60122
1699,북구,덕천1동,2020-04,71807
1700,북구,덕천2동,2020-04,138466
1701,북구,덕천3동,2020-04,160009
1702,북구,만덕1동,2020-04,275295
1703,북구,만덕2동,2020-04,294393
1704,북구,만덕3동,2020-04,218355
1705,북구,구포1동,2020-05,81948
1706,북구,구포2동,2020-05,178265
1707,북구,구포3동,2020-05,178308
1708,북구,금곡동,2020-05,135726
1709,북구,화명1동,2020-05,170144
1710,북구,화명2동,2020-05,82201
1711,북구,화명3동,2020-05,250424
1712,북구,덕천1동,2020-05,78785
1713,북구,덕천2동,2020-05,59498
1714,북구,덕천3동,2020-05,92423
1715,북구,만덕1동,2020-05,135968
1716,북구,만덕2동,2020-05,182824
1717,북구,만덕3동,2020-05,287040
1718,북구,구포1동,2020-06,205287
1719,북구,구포2동,2020-06,161682
1720,북구,구포3동,2020-06,87322
1721,북구,금곡동,2020-06,84690
1722,북구,화명1동,2020-06,93912
1723,북구,화명2동,2020-06,201210
1724,북구,화명3동,2020-06,191382
1725,북구,덕천1동,2020-06,217892
1726,북구,덕천2동,2020-06,101334
1727,북구,덕천3동,2020-06,137229
1728,북구,만덕1동,2020-06,104816
1729,북구,만덕2동,2020-06,204995
1730,북구,만덕3동,2020-06,308742
1731,북구,구포1동,2020-07,207226
1732,북구,구포2동,2020-07,53261
1733,북구,구포3동,2020-07,177337
1734,북구,금곡동,2020-07,47183
1735,북구,화명1동,2020-07,50960
1736,북구,화명2동,2020-07,75281
1737,북구,화명3동,2020-07,89075
1738,북구,덕천1동,2020-07,64198
1739,북구,덕천2동,2020-07,131086
1740,북구,덕천3동,2020-07,136029
1741,북구,만덕1동,2020-07,68210
1742,북구,만덕2동,2020-07,135639
1743,북구,만덕3동,2020-07,127227
1744,해운대구,우1동,2020-01,127435
1745,해운대구,우2동,2020-01,35059
1746,해운대구,중1동,2020-01,94561
1747,해운대구,중2동,2020-01,221590
1748,해운대구,좌1동,2020-01,120687
1749,해운대구,좌2동,2020-01,246080
1750,해운대구,좌3동,2020-01,10905
1751,해운대구,좌4동,2020-01,76002
1752,해운대구,송정동,2020-01,121444
1753,해운대구,반여1동,2020-01,49726
1754,해운대구,반여2동,2020-01,26659
1755,해운대구,반여3동,2020-01,347223
1756,해운대구,반여4동,2020-01,39288
1757,해운대구,반송1동,2020-01,231239
1758,해운대구,반송2동,2020-01,131393
1759,해운대구,재송1동,2020-01,90413
1760,해운대구,재송2동,2020-01,60423
1761,해운대구,우1동,2020-02,126343
1762,해운대구,우2동,2020-02,123670
1763,해운대구,중1동,2020-02,57380
1764,해운대구,중2동,2020-02,116213
1765,해운대구,좌1동,2020-02,154690
1766,해운대구,좌2동,2020-02,86874
1767,해운대구,좌3동,2020-02,91887
1768,해운대구,좌4동,2020-02,262801
1769,해운대구,송정동,2020-02,171460
1770,해운대구,반여1동,2020-02,95412
1771,해운대구,반여2동,2020-02,109840
1772,해운대구,반여3동,2020-02,194232
1773,해운대구,반여4동,2020-02,82233
1774,해운대구,반송1동,2020-02,177954
1775,해운대구,반송2동,2020-02,106175
1776,해운대구,재송1동,2020-02,98459
1777,해운대구,재송2동,2020-02,69907
1778,해운대구,우1동,2020-03,163787
1779,해운대구,우2동,2020-03,65985
1780,해운대구,중1동,2020-03,221863
1781,해운대구,중2동,2020-03,73052
1782,해운대구,좌1동,2020-03,97126
1783,해운대구,좌2동,2020-03,118543
1784,해운대구,좌3동,2020-03,224275
1785,해운대구,좌4동,2020-03,173624
1786,해운대구,송정동,2020-03,112832
1787,해운대구,반여1동,2020-03,192984
1788,해운대구,반여2동,2020-03,118335
1789,해운대구,반여3동,2020-03,201452
1790,해운대구,반여4동,2020-03,210644
1791,해운대구,반송1동,2020-03,414822
1792,해운대구,반송2동,2020-03,106505
1793,해운대구,재송1동,2020-03,114986
1794,해운대구,재송2동,2020-03,66592
1795,해운대구,우1동,2020-04,102751
1796,해운대구,우2동,2020-04,23547
1797,해운대구,중1동,2020-04,48013
1798,해운대구,중2동,2020-04,68584
1799,해운대구,좌1동,2020-04,67631
1800,해운대구,좌2동,2020-04,41647
1801,해운대구,좌3동,2020-04,68948
1802,해운대구,좌4동,2020-04,39477
1803,해운대구,송정동,2020-04,42201
1804,해운대구,반여1동,2020-04,47149
1805,해운대구,반여2동,2020-04,45740
1806,해운대구,반여3동,2020-04,65596
1807,해운대구,반여4동,2020-04,94459
1808,해운대구,반송1동,2020-04,58796
1809,해운대구,반송2동,2020-04,46232
1810,해운대구,재송1동,2020-04,50232
1811,해운대구,재송2동,2020-04,68234
1812,해운대구,우1동,2020-05,20663
1813,해운대구,우2동,2020-05,93510
1814,해운대구,중1동,2020-05,46080
1815,해운대구,중2동,2020-05,58777
1816,해운대구,좌1동,2020-05,142622
1817,해운대구,좌2동,2020-05,43828
1818,해운대구,좌3동,2020-05,60085
1819,해운대구,좌4동,2020-05,119184
1820,해운대구,송정동,2020-05,40328
1821,해운대구,반여1동,2020-05,29426
1822,해운대구,반여2동,2020-05,68216
1823,해운대구,반여3동,2020-05,21261
1824,해운대구,반여4동,2020-05,37425
1825,해운대구,반송1동,2020-05,41498
1826,해운대구,반송2동,2020-05,142638
1827,해운대구,재송1동,2020-05,26257
1828,해운대구,재송2동,2020-05,93103
1829,해운대구,우1동,2020-06,42351
1830,해운대구,우2동,2020-06,73258
1831,해운대구,중1동,2020-06,49091
1832,해운대구,중2동,2020-06,52611
1833,해운대구,좌1동,2020-06,49854
1834,해운대구,좌2동,2020-06,47449
1835,해운대구,좌3동,2020-06,130965
1836,해운대구,좌4동,2020-06,212093
1837,해운대구,송정동,2020-06,47679
1838,해운대구,반여1동,2020-06,82679
1839,해운대구,반여2동,2020-06,198748
1840,해운대구,반여3동,2020-06,257598
1841,해운대구,반여4동,2020-06,142164
1842,해운대구,반송1동,2020-06,155407
1843,해운대구,반송2동,2020-06,197342
1844,해운대구,재송1동,2020-06,103705
1845,해운대구,재송2동,2020-06,168444
1846,해운대구,우1동,2020-07,122886
1847,해운대구,우2동,2020-07,144467
1848,해운대구,중1동,2020-07,114218
1849,해운대구,중2동,2020-07,181663
1850,해운대구,좌1동,2020-07,69214
1851,해운대구,좌2동,2020-07,106419
1852,해운대구,좌3동,2020-07,166132
1853,해운대구,좌4동,2020-07,114416
1854,해운대구,송정동,2020-07,127646
1855,해운대구,반여1동,2020-07,78188
1856,해운대구,반여2동,2020-07,191811
1857,해운대구,반여3동,2020-07,117285
1858,해운대구,반여4동,2020-07,87964
1859,해운대구,반송1동,2020-07,228524
1860,해운대구,반송2동,2020-07,63455
1861,해운대구,재송1동,2020-07,152562
1862,해운대구,재송2동,2020-07,197553
1863,사하구,괴정1동,2020-01,169588
1864,사하구,괴정2동,2020-01,211822
1865,사하구,괴정3동,2020-01,76269
1866,사하구,괴정4동,2020-01,185819
1867,사하구,당리동,2020-01,90492
1868,사하구,하단1동,2020-01,157792
1869,사하구,하단2동,2020-01,184562
1870,사하구,신평1동,2020-01,91908
1871,사하구,신평2동,2020-01,111258
1872,사하구,장림1동,2020-01,118918
1873,사하구,장림2동,2020-01,311646
1874,사하구,다대1동,2020-01,72848
1875,사하구,다대2동,2020-01,103568
1876,사하구,구평동,2020-01,66481
1877,사하구,감천1동,2020-01,308936
1878,사하구,감천2동,2020-01,126113
1879,사하구,괴정1동,2020-02,74097
1880,사하구,괴정2동,2020-02,71225
1881,사하구,괴정3동,2020-02,86137
1882,사하구,괴정4동,2020-02,110210
1883,사하구,당리동,2020-02,54836
1884,사하구,하단1동,2020-02,109712
1885,사하구,하단2동,2020-02,75741
1886,사하구,신평1동,2020-02,82662
1887,사하구,신평2동,2020-02,92979
1888,사하구,장림1동,2020-02,81035
1889,사하구,장림2동,2020-02,119363
1890,사하구,다대1동,2020-02,192430
1891,사하구,다대2동,2020-02,143350
1892,사하구,구평동,2020-02,260424
1893,사하구,감천1동,2020-02,237224
1894,사하구,감천2동,2020-02,97354
1895,사하구,괴정1동,2020-03,255661
1896,사하구,괴정2동,2020-03,124278
1897,사하구,괴정3동,2020-03,170916
1898,사하구,괴정4동,2020-03,58556
1899,사하구,당리동,2020-03,71414
1900,사하구,하단1동,2020-03,139456
1901,사하구,하단2동,2020-03,159176
1902,사하구,신평1동,2020-03,277986
1903,사하구,신평2동,2020-03,335945
1904,사하구,장림1동,2020-03,225034
1905,사하구,장림2동,2020-03,79611
1906,사하구,다대1동,2020-03,179605
1907,사하구,다대2동,2020-03,194421
1908,사하구,구평동,2020-03,128345
1909,사하구,감천1동,2020-03,163365
1910,사하구,감천2동,2020-03,86129
1911,사하구,괴정1동,2020-04,241911
1912,사하구,괴정2동,2020-04,71679
1913,사하구,괴정3동,2020-04,58783
1914,사하구,괴정4동,2020-04,91498
1915,사하구,당리동,2020-04,131573
1916,사하구,하단1동,2020-04,177645
1917,사하구,하단2동,2020-04,293486
1918,사하구,신평1동,2020-04,194685
1919,사하구,신평2동,2020-04,160172
1920,사하구,장림1동,2020-04,88832
1921,사하구,장림2동,2020-04,82617
1922,사하구,다대1동,2020-04,94079
1923,사하구,다대2동,2020-04,199663
1924,사하구,구평동,2020-04,185787
1925,사하구,감천1동,2020-04,211455
1926,사하구,감천2동,2020-04,109451
1927,사하구,괴정1동,2020-05,137576
1928,사하구,괴정2동,2020-05,107741
1929,사하구,괴정3동,2020-05,202923
1930,사하구,괴정4동,2020-05,292412
1931,사하구,당리동,2020-05,196685
1932,사하구,하단1동,2020-05,52017
1933,사하구,하단2동,2020-05,168302
1934,사하구,신평1동,2020-05,45134
1935,사하구,신평2동,2020-05,48103
1936,사하구,장림1동,2020-05,75301
1937,사하구,장림2동,2020-05,88939
1938,사하구,다대1동,2020-05,61187
1939,사하구,다대2동,2020-05,126907
1940,사하구,구평동,2020-05,152595
1941,사하구,감천1동,2020-05,61136
1942,사하구,감천2동,2020-05,133035
1943,사하구,괴정1동,2020-06,124323
1944,사하구,괴정2동,2020-06,121786
1945,사하구,괴정3동,2020-06,35582
1946,사하구,괴정4동,2020-06,90856
1947,사하구,당리동,2020-06,216341
1948,사하구,하단1동,2020-06,125543
1949,사하구,하단2동,2020-06,241308
1950,사하구,신평1동,2020-06,11569
1951,사하구,신평2동,2020-06,73195
1952,사하구,장림1동,2020-06,116735
1953,사하구,장림2동,2020-06,50009
1954,사하구,다대1동,2020-06,25265
1955,사하구,다대2동,2020-06,332626
1956,사하구,구평동,2020-06,40634
1957,사하구,감천1동,2020-06,224985
1958,사하구,감천2동,2020-06,133605
1959,사하구,괴정1동,2020-07,90474
1960,사하구,괴정2동,2020-07,60188
1961,사하구,괴정3동,2020-07,119809
1962,사하구,괴정4동,2020-07,115935
1963,사하구,당리동,2020-07,59130
1964,사하구,하단1동,2020-07,124603
1965,사하구,하단2동,2020-07,158192
1966,사하구,신평1동,2020-07,85237
1967,사하구,신평2동,2020-07,88791
1968,사하구,장림1동,2020-07,262270
1969,사하구,장림2동,2020-07,169393
1970,사하구,다대1동,2020-07,94238
1971,사하구,다대2동,2020-07,106335
1972,사하구,구평동,2020-07,181415
1973,사하구,감천1동,2020-07,81103
1974,사하구,감천2동,2020-07,172814
1975,금정구,서1동,2020-01,112950
1976,금정구,서2동,2020-01,98382
1977,금정구,서3동,2020-01,73473
1978,금정구,부곡1동,2020-01,172602
1979,금정구,부곡2동,2020-01,67442
1980,금정구,부곡3동,2020-01,211029
1981,금정구,부곡4동,2020-01,65687
1982,금정구,장전1동,2020-01,96985
1983,금정구,장전2동,2020-01,355999
1984,금정구,선두구동,2020-01,170229
1985,금정구,청룡노포동,2020-01,112934
1986,금정구,남산동,2020-01,187708
1987,금정구,구서1동,2020-01,122695
1988,금정구,구서2동,2020-01,205236
1989,금정구,금성동,2020-01,212035
1990,금정구,서1동,2020-02,439770
1991,금정구,서2동,2020-02,108884
1992,금정구,서3동,2020-02,109739
1993,금정구,부곡1동,2020-02,77642
1994,금정구,부곡2동,2020-02,107972
1995,금정구,부곡3동,2020-02,23917
1996,금정구,부곡4동,2020-02,48070
1997,금정구,장전1동,2020-02,66355
1998,금정구,장전2동,2020-02,110333
1999,금정구,선두구동,2020-02,69953
2000,금정구,청룡노포동,2020-02,39216
2001,금정구,남산동,2020-02,41414
2002,금정구,구서1동,2020-02,47296
2003,금정구,구서2동,2020-02,46026
2004,금정구,금성동,2020-02,68079
2005,금정구,서1동,2020-03,93936
2006,금정구,서2동,2020-03,57538
2007,금정구,서3동,2020-03,45505
2008,금정구,부곡1동,2020-03,49666
2009,금정구,부곡2동,2020-03,67776
2010,금정구,부곡3동,2020-03,18445
2011,금정구,부곡4동,2020-03,93132
2012,금정구,장전1동,2020-03,44701
2013,금정구,장전2동,2020-03,205636
2014,금정구,선두구동,2020-03,45341
2015,금정구,청룡노포동,2020-03,61127
2016,금정구,남산동,2020-03,120562
2017,금정구,구서1동,2020-03,40798
2018,금정구,구서2동,2020-03,29060
2019,금정구,금성동,2020-03,71465
2020,금정구,서1동,2020-04,21081
2021,금정구,서2동,2020-04,35796
2022,금정구,서3동,2020-04,44200
2023,금정구,부곡1동,2020-04,148042
2024,금정구,부곡2동,2020-04,24649
2025,금정구,부곡3동,2020-04,97482
2026,금정구,부곡4동,2020-04,42512
2027,금정구,장전1동,2020-04,73686
2028,금정구,장전2동,2020-04,104495
2029,금정구,선두구동,2020-04,53622
2030,금정구,청룡노포동,2020-04,48759
2031,금정구,남산동,2020-04,120462
2032,금정구,구서1동,2020-04,215938
2033,금정구,구서2동,2020-04,45515
2034,금정구,금성동,2020-04,77892
2035,금정구,서1동,2020-05,203726
2036,금정구,서2동,2020-05,267630
2037,금정구,서3동,2020-05,137026
2038,금정구,부곡1동,2020-05,151296
2039,금정구,부곡2동,2020-05,207427
2040,금정구,부곡3동,2020-05,109768
2041,금정구,부곡4동,2020-05,170607
2042,금정구,장전1동,2020-05,127360
2043,금정구,장전2동,2020-05,258877
2044,금정구,선두구동,2020-05,178359
2045,금정구,청룡노포동,2020-05,65974
2046,금정구,남산동,2020-05,105427
2047,금정구,구서1동,2020-05,172124
2048,금정구,구서2동,2020-05,119719
2049,금정구,금성동,2020-05,126718
2050,금정구,서1동,2020-06,72650
2051,금정구,서2동,2020-06,186693
2052,금정구,서3동,2020-06,116892
2053,금정구,부곡1동,2020-06,88217
2054,금정구,부곡2동,2020-06,224984
2055,금정구,부곡3동,2020-06,66976
2056,금정구,부곡4동,2020-06,150094
2057,금정구,장전1동,2020-06,190947
2058,금정구,장전2동,2020-06,375555
2059,금정구,선두구동,2020-06,73844
2060,금정구,청룡노포동,2020-06,186907
2061,금정구,남산동,2020-06,94829
2062,금정구,구서1동,2020-06,154548
2063,금정구,구서2동,2020-06,179895
2064,금정구,금성동,2020-06,91036
2065,금정구,서1동,2020-07,109476
2066,금정구,서2동,2020-07,124711
2067,금정구,서3동,2020-07,321415
2068,금정구,부곡1동,2020-07,76079
2069,금정구,부곡2동,2020-07,104788
2070,금정구,부곡3동,2020-07,67899
2071,금정구,부곡4동,2020-07,304430
2072,금정구,장전1동,2020-07,121692
2073,금정구,장전2동,2020-07,139840
2074,금정구,선두구동,2020-07,89683
2075,금정구,청룡노포동,2020-07,106191
2076,금정구,남산동,2020-07,53688
2077,금정구,구서1동,2020-07,107554
2078,금정구,구서2동,2020-07,70658
2079,금정구,금성동,2020-07,82967
2080,강서구,대저1동,2020-01,94341
2081,강서구,대저2동,2020-01,82183
2082,강서구,강동동,2020-01,117386
2083,강서구,가락동,2020-01,196038
2084,강서구,녹산동,2020-01,141590
2085,강서구,가덕도동,2020-01,256791
2086,강서구,대저1동,2020-02,235902
2087,강서구,대저2동,2020-02,95172
2088,강서구,강동동,2020-02,253999
2089,강서구,가락동,2020-02,118819
2090,강서구,녹산동,2020-02,169627
2091,강서구,가덕도동,2020-02,59088
2092,강서구,대저1동,2020-03,65257
2093,강서구,대저2동,2020-03,132886
2094,강서구,강동동,2020-03,160134
2095,강서구,가락동,2020-03,279369
2096,강서구,녹산동,2020-03,341226
2097,강서구,가덕도동,2020-03,230392
2098,강서구,대저1동,2020-04,79724
2099,강서구,대저2동,2020-04,188807
2100,강서구,강동동,2020-04,186783
2101,강서구,가락동,2020-04,125911
2102,강서구,녹산동,2020-04,165585
2103,강서구,가덕도동,2020-04,85378
2104,강서구,대저1동,2020-05,252560
2105,강서구,대저2동,2020-05,66016
2106,강서구,강동동,2020-05,54896
2107,강서구,가락동,2020-05,87142
2108,강서구,녹산동,2020-05,134726
2109,강서구,가덕도동,2020-05,174365
2110,강서구,대저1동,2020-06,289136
2111,강서구,대저2동,2020-06,189147
2112,강서구,강동동,2020-06,170106
2113,강서구,가락동,2020-06,85423
2114,강서구,녹산동,2020-06,85115
2115,강서구,가덕도동,2020-06,93106
2116,강서구,대저1동,2020-07,186934
2117,강서구,대저2동,2020-07,190941
2118,강서구,강동동,2020-07,216221
2119,강서구,가락동,2020-07,111471
2120,강서구,녹산동,2020-07,130262
2121,강서구,가덕도동,2020-07,109225
2122,연제구,거제1동,2020-01,200111
2123,연제구,거제2동,2020-01,290403
2124,연제구,거제3동,2020-01,199208
2125,연제구,거제4동,2020-01,54370
2126,연제구,연산1동,2020-01,168136
2127,연제구,연산2동,2020-01,40580
2128,연제구,연산3동,2020-01,47945
2129,연제구,연산4동,2020-01,77134
2130,연제구,연산5동,2020-01,85415
2131,연제구,연산6동,2020-01,63872
2132,연제구,연산8동,2020-01,129587
2133,연제구,연산9동,2020-01,155342
2134,연제구,거제1동,2020-02,60452
2135,연제구,거제2동,2020-02,137694
2136,연제구,거제3동,2020-02,129834
2137,연제구,거제4동,2020-02,122435
2138,연제구,연산1동,2020-02,36304
2139,연제구,연산2동,2020-02,86952
2140,연제구,연산3동,2020-02,214416
2141,연제구,연산4동,2020-02,130605
2142,연제구,연산5동,2020-02,240547
2143,연제구,연산6동,2020-02,10970
2144,연제구,연산8동,2020-02,76791
2145,연제구,연산9동,2020-02,120610
2146,연제구,거제1동,2020-03,48749
2147,연제구,거제2동,2020-03,25355
2148,연제구,거제3동,2020-03,343563
2149,연제구,거제4동,2020-03,41027
2150,연제구,연산1동,2020-03,230299
2151,연제구,연산2동,2020-03,133308
2152,연제구,연산3동,2020-03,91309
2153,연제구,연산4동,2020-03,58235
2154,연제구,연산5동,2020-03,113678
2155,연제구,연산6동,2020-03,114230
2156,연제구,연산8동,2020-03,61978
2157,연제구,연산9동,2020-03,123410
2158,연제구,거제1동,2020-04,158374
2159,연제구,거제2동,2020-04,83332
2160,연제구,거제3동,2020-04,89792
2161,연제구,거제4동,2020-04,259615
2162,연제구,연산1동,2020-04,168843
2163,연제구,연산2동,2020-04,91152
2164,연제구,연산3동,2020-04,101862
2165,연제구,연산4동,2020-04,175053
2166,연제구,연산5동,2020-04,73342
2167,연제구,연산6동,2020-04,175210
2168,연제구,연산8동,2020-04,114956
2169,연제구,연산9동,2020-04,95626
2170,연제구,거제1동,2020-05,76411
2171,연제구,거제2동,2020-05,178920
2172,연제구,거제3동,2020-05,64326
2173,연제구,거제4동,2020-05,211300
2174,연제구,연산1동,2020-05,68350
2175,연제구,연산2동,2020-05,93425
2176,연제구,연산3동,2020-05,118886
2177,연제구,연산4동,2020-05,236016
2178,연제구,연산5동,2020-05,172925
2179,연제구,연산6동,2020-05,104115
2180,연제구,연산8동,2020-05,187914
2181,연제구,연산9동,2020-05,117430
2182,연제구,거제1동,2020-06,225265
2183,연제구,거제2동,2020-06,198830
2184,연제구,거제3동,2020-06,430375
2185,연제구,거제4동,2020-06,109883
2186,연제구,연산1동,2020-06,105055
2187,연제구,연산2동,2020-06,73441
2188,연제구,연산3동,2020-06,116216
2189,연제구,연산4동,2020-06,24292
2190,연제구,연산5동,2020-06,44406
2191,연제구,연산6동,2020-06,61144
2192,연제구,연산8동,2020-06,77384
2193,연제구,연산9동,2020-06,49940
2194,연제구,거제1동,2020-07,80890
2195,연제구,거제2동,2020-07,36047
2196,연제구,거제3동,2020-07,41645
2197,연제구,거제4동,2020-07,42299
2198,연제구,연산1동,2020-07,42495
2199,연제구,연산2동,2020-07,64676
2200,연제구,연산3동,2020-07,98850
2201,연제구,연산4동,2020-07,53677
2202,연제구,연산5동,2020-07,42450
2203,연제구,연산6동,2020-07,51638
2204,연제구,연산8동,2020-07,67654
2205,연제구,연산9동,2020-07,19236
2206,수영구,남천1동,2020-01,93289
2207,수영구,남천2동,2020-01,45214
2208,수영구,수영동,2020-01,58021
2209,수영구,망미1동,2020-01,141423
2210,수영구,망미2동,2020-01,47295
2211,수영구,광안1동,2020-01,63772
2212,수영구,광안2동,2020-01,129220
2213,수영구,광안3동,2020-01,37766
2214,수영구,광안4동,2020-01,26527
2215,수영구,민락동,2020-01,79636
2216,수영구,남천1동,2020-02,19129
2217,수영구,남천2동,2020-02,35019
2218,수영구,수영동,2020-02,43086
2219,수영구,망미1동,2020-02,149495
2220,수영구,망미2동,2020-02,24116
2221,수영구,광안1동,2020-02,105801
2222,수영구,광안2동,2020-02,44287
2223,수영구,광안3동,2020-02,74970
2224,수영구,광안4동,2020-02,48840
2225,수영구,민락동,2020-02,52619
2226,수영구,남천1동,2020-03,52338
2227,수영구,남천2동,2020-03,48293
2228,수영구,수영동,2020-03,114679
2229,수영구,망미1동,2020-03,203309
2230,수영구,망미2동,2020-03,52218
2231,수영구,광안1동,2020-03,73383
2232,수영구,광안2동,2020-03,223629
2233,수영구,광안3동,2020-03,292949
2234,수영구,광안4동,2020-03,137590
2235,수영구,민락동,2020-03,155522
2236,수영구,남천1동,2020-04,201779
2237,수영구,남천2동,2020-04,109768
2238,수영구,수영동,2020-04,168337
2239,수영구,망미1동,2020-04,123465
2240,수영구,망미2동,2020-04,124491
2241,수영구,광안1동,2020-04,119821
2242,수영구,광안2동,2020-04,170918
2243,수영구,광안3동,2020-04,63115
2244,수영구,광안4동,2020-04,107009
2245,수영구,민락동,2020-04,166249
2246,수영구,남천1동,2020-05,119049
2247,수영구,남천2동,2020-05,123575
2248,수영구,수영동,2020-05,67820
2249,수영구,망미1동,2020-05,176350
2250,수영구,망미2동,2020-05,117827
2251,수영구,광안1동,2020-05,89506
2252,수영구,광안2동,2020-05,232322
2253,수영구,광안3동,2020-05,59833
2254,수영구,광안4동,2020-05,164260
2255,수영구,민락동,2020-05,194358
2256,수영구,남천1동,2020-06,186310
2257,수영구,남천2동,2020-06,204143
2258,수영구,수영동,2020-06,74030
2259,수영구,망미1동,2020-06,192880
2260,수영구,망미2동,2020-06,94570
2261,수영구,광안1동,2020-06,157100
2262,수영구,광안2동,2020-06,189486
2263,수영구,광안3동,2020-06,93280
2264,수영구,광안4동,2020-06,109514
2265,수영구,민락동,2020-06,121522
2266,수영구,남천1동,2020-07,324999
2267,수영구,남천2동,2020-07,76507
2268,수영구,수영동,2020-07,109776
2269,수영구,망미1동,2020-07,67086
2270,수영구,망미2동,2020-07,299061
2271,수영구,광안1동,2020-07,116001
2272,수영구,광안2동,2020-07,73706
2273,수영구,광안3동,2020-07,69078
2274,수영구,광안4동,2020-07,84125
2275,수영구,민락동,2020-07,105881
2276,사상구,삼락동,2020-01,49876
2277,사상구,모라1동,2020-01,106181
2278,사상구,모라3동,2020-01,63390
2279,사상구,덕포1동,2020-01,82876
2280,사상구,덕포2동,2020-01,89448
2281,사상구,괘법동,2020-01,80784
2282,사상구,감전동,2020-01,119043
2283,사상구,주례1동,2020-01,192175
2284,사상구,주례2동,2020-01,126898
2285,사상구,주례3동,2020-01,252054
2286,사상구,학장동,2020-01,231655
2287,사상구,엄궁동,2020-01,88384
2288,사상구,삼락동,2020-02,274133
2289,사상구,모라1동,2020-02,118161
2290,사상구,모라3동,2020-02,202083
2291,사상구,덕포1동,2020-02,58357
2292,사상구,덕포2동,2020-02,67639
2293,사상구,괘법동,2020-02,137146
2294,사상구,감전동,2020-02,150200
2295,사상구,주례1동,2020-02,290075
2296,사상구,주례2동,2020-02,342922
2297,사상구,주례3동,2020-02,253350
2298,사상구,학장동,2020-02,68804
2299,사상구,엄궁동,2020-02,206305
2300,사상구,삼락동,2020-03,188321
2301,사상구,모라1동,2020-03,119049
2302,사상구,모라3동,2020-03,155953
2303,사상구,덕포1동,2020-03,90268
2304,사상구,덕포2동,2020-03,242196
2305,사상구,괘법동,2020-03,72765
2306,사상구,감전동,2020-03,51717
2307,사상구,주례1동,2020-03,84768
2308,사상구,주례2동,2020-03,142275
2309,사상구,주례3동,2020-03,171862
2310,사상구,학장동,2020-03,303115
2311,사상구,엄궁동,2020-03,194097
2312,사상구,삼락동,2020-04,179224
2313,사상구,모라1동,2020-04,85094
2314,사상구,모라3동,2020-04,89057
2315,사상구,덕포1동,2020-04,91778
2316,사상구,덕포2동,2020-04,184774
2317,사상구,괘법동,2020-04,189261
2318,사상구,감전동,2020-04,210462
2319,사상구,주례1동,2020-04,106820
2320,사상구,주례2동,2020-04,127576
2321,사상구,주례3동,2020-04,104291
2322,사상구,학장동,2020-04,208407
2323,사상구,엄궁동,2020-04,287034
2324,사상구,삼락동,2020-05,209211
2325,사상구,모라1동,2020-05,50746
2326,사상구,모라3동,2020-05,155972
2327,사상구,덕포1동,2020-05,42596
2328,사상구,덕포2동,2020-05,45078
2329,사상구,괘법동,2020-05,75733
2330,사상구,감전동,2020-05,83093
2331,사상구,주례1동,2020-05,59788
2332,사상구,주례2동,2020-05,123041
2333,사상구,주례3동,2020-05,155475
2334,사상구,학장동,2020-05,62009
2335,사상구,엄궁동,2020-05,131672
2336,사상구,삼락동,2020-06,114274
2337,사상구,모라1동,2020-06,129513
2338,사상구,모라3동,2020-06,32517
2339,사상구,덕포1동,2020-06,77889
2340,사상구,덕포2동,2020-06,195590
2341,사상구,괘법동,2020-06,149838
2342,사상구,감전동,2020-06,235301
2343,사상구,주례1동,2020-06,10192
2344,사상구,주례2동,2020-06,78767
2345,사상구,주례3동,2020-06,117871
2346,사상구,학장동,2020-06,47486
2347,사상구,엄궁동,2020-06,25025
2348,사상구,삼락동,2020-07,344141
2349,사상구,모라1동,2020-07,40357
2350,사상구,모라3동,2020-07,226340
2351,사상구,덕포1동,2020-07,131089
2352,사상구,덕포2동,2020-07,84697
2353,사상구,괘법동,2020-07,55768
2354,사상구,감전동,2020-07,107595
2355,사상구,주례1동,2020-07,111314
2356,사상구,주례2동,2020-07,58862
2357,사상구,주례3동,2020-07,128163
2358,사상구,학장동,2020-07,168171
2359,사상구,엄궁동,2020-07,80533
2360,기장군,기장읍,2020-01,95814
2361,기장군,장안읍,2020-01,260483
2362,기장군,일광면,2020-01,179414
2363,기장군,철마면,2020-01,88363
2364,기장군,기장읍,2020-02,106705
2365,기장군,장안읍,2020-02,170300
2366,기장군,일광면,2020-02,78347
2367,기장군,철마면,2020-02,167784
2368,기장군,기장읍,2020-03,125026
2369,기장군,장안읍,2020-03,101825
2370,기장군,일광면,2020-03,75776
2371,기장군,철마면,2020-03,172741
2372,기장군,기장읍,2020-04,61692
2373,기장군,장안읍,2020-04,208071
2374,기장군,일광면,2020-04,74574
2375,기장군,철마면,2020-04,89677
2376,기장군,기장읍,2020-05,103436
2377,기장군,장안읍,2020-05,257050
2378,기장군,일광면,2020-05,171159
2379,기장군,철마면,2020-05,102486
2380,기장군,기장읍,2020-06,180223
2381,기장군,장안읍,2020-06,124576
2382,기장군,일광면,2020-06,218446
2383,기장군,철마면,2020-06,191013
2384,기장군,기장읍,2020-07,427352
2385,기장군,장안읍,2020-07,105837
2386,기장군,일광면,2020-07,96131
2387,기장군,철마면,2020-07,66538
