,구군,읍면동,총 인구,예측 유동인구,예측 구매력,구의 동별 평균 인구,구의 동별 평균 구매력,영업이익/매출액(%),편의점 수,대형마트 수,슈퍼마켓 수,경쟁업체 수,총 인구_정규화,예측 유동인구_정규화,예측 구매력_정규화,영업이익/매출액(%)_정규화,경쟁업체 수_정규화,구의 동별 평균 인구_정규화,구의 동별 평균 구매력_정규화,등급 점수,등급
0,중구,중앙동,2029,153358,4007000.0,4656,9195000,3.8430024462903543,17,3,30,50,-1.4584703037087163,0.6070014864176312,-1.1957269380717654,-1.007792610370988,0.5069831469818539,-2.1777305083588283,-1.784583141687196,1.6291802148987582,좋음
1,중구,동광동,2957,80876,5839000.0,4656,9195000,5.740330334303608,4,0,8,12,-1.3619919817370953,-0.7859489251933536,-1.15300915557123,-0.30944787619532627,-0.6903330795880335,-2.1777305083588283,-1.784583141687196,2.1258933937690117,좋음
2,중구,대청동,6692,99678,13214000.0,4656,9195000,6.798000149242593,3,0,4,7,-0.9736875285431255,-0.42461433675609006,-0.9810420999263352,0.07984600939269157,-0.8478746883472292,-2.1777305083588283,-1.784583141687196,3.9422570484536483,좋음
3,중구,보수동,10777,143696,21280000.0,4656,9195000,5.901105339993843,5,2,9,16,-0.5489957771917554,0.42131832539854597,-0.792962605576271,-0.2502718216397768,-0.564299792580677,-2.1777305083588283,-1.784583141687196,5.2589684074851295,좋음
4,중구,부평동,4717,118364,9314000.0,4656,9195000,10.088432005690892,11,0,21,32,-1.1790158538598834,-0.06550902245236138,-1.0719806107080423,1.2909470397584377,-0.060166644551250675,-2.1777305083588283,-1.784583141687196,4.385392057421786,좋음
5,중구,광복동,1119,141229,2210000.0,4656,9195000,11.232621929345276,4,0,167,171,-1.5530772789179568,0.373907814300007,-1.237628605731952,1.7120861655410602,4.31949007895439,-2.1777305083588283,-1.784583141687196,0.8370048830142593,양호
6,중구,남포동,1070,86040,2113000.0,4656,9195000,5.523293793277439,19,3,35,57,-1.5581715006599928,-0.686707790490129,-1.2398904097180612,-0.3893319734601562,0.7275413992447278,-2.1777305083588283,-1.784583141687196,0.5361939582744185,양호
7,중구,영주1동,4923,123380,9721000.0,4656,9195000,1.8148959375535183,2,0,9,11,-1.157599329801528,0.030887865942560107,-1.0624903609931309,-1.7542727046507498,-0.7218414013398726,-2.1777305083588283,-1.784583141687196,2.0177450997443342,좋음
8,중구,영주2동,7626,135056,15058000.0,4656,9195000,5.4593400327845485,5,0,5,10,-0.8765854243173777,0.2552758382111214,-0.9380445066233947,-0.4128712742595073,-0.7533497230917118,-2.1777305083588283,-1.784583141687196,4.28879038579471,좋음
9,서구,동대신1동,4632,157184,10669000.0,8325,19176000,5.517831837505903,1,0,9,10,-1.1878527691266805,0.6805290970633588,-1.0403853076031158,-0.39134234187114636,-0.7533497230917118,-1.4769143349586262,-1.398142345379464,0.9418949820914033,양호
10,서구,동대신2동,7921,175595,18245000.0,8325,19176000,6.753987535650153,5,0,9,14,-0.8459161301561405,1.034349494240173,-0.8637314210179329,0.06364639669856025,-0.6273164360843552,-1.4769143349586262,-1.398142345379464,2.5126788795982664,좋음
11,서구,동대신3동,6682,138011,15391000.0,8325,19176000,5.5175891630584095,6,1,5,12,-0.974727165633337,0.312064674974876,-0.9302797568566489,-0.3914316624485735,-0.6903330795880335,-1.4769143349586262,-1.398142345379464,1.0607017819556226,양호
12,서구,서대신1동,12199,110261,28098000.0,8325,19176000,6.085691590663312,7,2,9,18,-0.4011593829636898,-0.22123150783195647,-0.6339834346763531,-0.18233162165081648,-0.5012831490769987,-1.4769143349586262,-1.398142345379464,2.0325025553954985,좋음
13,서구,서대신3동,8897,140944,20493000.0,8325,19176000,12.347716497629476,8,0,5,13,-0.7444475501515047,0.3684307183684774,-0.8113135307006821,2.122516236584065,-0.6588247578361943,-1.4769143349586262,-1.398142345379464,4.186865091466044,좋음
14,서구,서대신4동,8165,152878,18807000.0,8325,19176000,3.7040008557980313,3,0,2,5,-0.8205489851549815,0.5977769037961076,-0.8506269484386202,-1.0589545784080474,-0.9108913318509075,-1.4769143349586262,-1.398142345379464,1.2443723532739592,양호
15,서구,부민동,8007,265668,18443000.0,8325,19176000,5.337721047733013,8,0,8,16,-0.8369752511803221,2.7653616410495356,-0.8591145427782462,-0.4576352701524169,-0.564299792580677,-1.4769143349586262,-1.398142345379464,3.6945532564457437,좋음
16,서구,아미동,7490,249393,17252000.0,8325,19176000,5.203898070377512,3,0,6,9,-0.8907244887442533,2.4525906365385017,-0.8868857649169676,-0.5068911589939507,-0.7848580448435509,-1.4769143349586262,-1.398142345379464,3.3733446262941893,좋음
17,서구,초장동,4869,211935,11215000.0,8325,19176000,9.55985095482068,2,0,5,7,-1.1632133700886695,1.7327272702113545,-1.0276539160936768,1.096393533328519,-0.8478746883472292,-1.4769143349586262,-1.398142345379464,3.619623869025113,좋음
18,서구,충무동,10237,117395,23579000.0,8325,19176000,6.3864768832916345,12,0,19,31,-0.6051361800631728,-0.08413114861956213,-0.739355519348798,-0.07162233067822348,-0.09167496630308981,-1.4769143349586262,-1.398142345379464,1.4379465060408663,양호
19,서구,남부민1동,4848,150866,11166000.0,8325,19176000,3.126911265764925,1,0,9,10,-1.1653966079781135,0.5591105283075546,-1.028796476870165,-1.2713625016211574,-0.7533497230917118,-1.4769143349586262,-1.398142345379464,-0.0028982933208601125,고려
20,서구,남부민2동,10015,169271,23068000.0,8325,19176000,2.2596842297838515,1,0,5,6,-0.6282161234658666,0.9128156182015996,-0.7512707960178883,-1.5905605894889931,-0.8793830100990684,-1.4769143349586262,-1.398142345379464,1.487896163626466,양호
21,서구,암남동,14267,82036,32861000.0,8325,19176000,2.9014775757177915,12,0,29,41,-0.18616243270796562,-0.7636561838580049,-0.5229218636883348,-1.3543373165410255,0.2234082512153016,-1.4769143349586262,-1.398142345379464,0.2807997740889301,양호
22,동구,초량1동,4922,91393,12619000.0,6974,17881000,3.3817671112182115,6,0,13,19,-1.157703293510549,-0.5838344763796794,-0.9949160522122623,-1.17755834748913,-0.4697748273251595,-1.7349690229563566,-1.4482816932622926,0.19612046911586523,양호
23,동구,초량2동,5899,114303,15124000.0,6974,17881000,8.368026644462947,7,2,21,30,-1.0561307497968921,-0.14355283500654326,-0.9365055472101658,0.6577217378739171,-0.12318328805492895,-1.7349690229563566,-1.4482816932622926,2.459014250123381,좋음
24,동구,초량3동,8488,88662,21762000.0,6974,17881000,6.7490172361657095,11,0,16,27,-0.7869687071411523,-0.6363185079200564,-0.7817235383463267,0.06181699098847407,-0.21770825331044638,-1.7349690229563566,-1.4482816932622926,2.147150291718545,좋음
25,동구,초량6동,6645,113036,17037000.0,6974,17881000,16.377826236657867,3,0,11,14,-0.9785738228671192,-0.16790188955127322,-0.891899041793395,3.605868656680294,-0.6273164360843552,-1.7349690229563566,-1.4482816932622926,5.98817020886564,좋음
26,동구,수정1동,4360,112545,11178000.0,6974,17881000,10.258431394628682,2,0,5,7,-1.2161308979804315,-0.1773378688578734,-1.0285166660677598,1.3535182900034854,-0.8478746883472292,-1.7349690229563566,-1.4482816932622926,3.283963055504458,좋음
27,동구,수정2동,10047,83829,25759000.0,6974,17881000,4.977085415762971,6,0,13,19,-0.62488928477719,-0.729198524190522,-0.6885232235785104,-0.5903735259560081,-0.4697748273251595,-1.7349690229563566,-1.4482816932622926,2.0259564186454435,좋음
28,동구,수정4동,4393,97911,11263000.0,6974,17881000,14.717198922662563,0,0,8,8,-1.2127000955827338,-0.4585723315315738,-1.0265346728840559,2.994645711250847,-0.8163663665953901,-1.7349690229563566,-1.4482816932622926,4.6275995914496875,좋음
29,동구,수정5동,5865,119401,15037000.0,6974,17881000,11.311589174184597,2,0,3,5,-1.059665515903611,-0.04558008041377814,-0.9385341755276038,1.741151442003973,-0.9108913318509075,-1.7349690229563566,-1.4482816932622926,4.2613804852464785,좋음
30,동구,범일1동,12453,101715,31928000.0,6974,17881000,7.9917639277103305,3,0,36,39,-0.37475260087231943,-0.38546751425599934,-0.5446771535753432,0.519231660027666,0.1603916077116233,-1.7349690229563566,-1.4482816932622926,3.6267899955674143,좋음
31,동구,범일2동,9012,132951,23106000.0,6974,17881000,5.4362722704431246,11,1,263,275,-0.7324917236140732,0.21482219983964815,-0.7503847284769383,-0.4213617678964387,7.596355541145661,-1.7349690229563566,-1.4482816932622926,-3.5942058908056627,나쁨
32,동구,범일5동,4632,74105,11876000.0,6974,17881000,1.7944578531506907,1,0,6,7,-1.1878527691266805,-0.9160731937982207,-1.012241004394521,-1.7617952993005854,-0.8478746883472292,-1.7349690229563566,-1.4482816932622926,-0.4963993004606748,고려
33,영도구,남항동,10806,171312,26228000.0,10610,25753000,6.960916729926815,11,0,24,35,-0.5459808296301423,0.9520393122235364,-0.6775872847178384,0.13981030810432035,0.034358320704266754,-1.0404561839039899,-1.1434964063637387,1.0135410824637368,양호
34,영도구,영선1동,4205,174168,10206000.0,10610,25753000,13.953031987963632,6,0,21,27,-1.2322452728787088,1.0069255788216018,-1.0511813410625852,2.7133806973069694,-0.21770825331044638,-1.0404561839039899,-1.1434964063637387,2.0853433207461562,좋음
35,영도구,영선2동,9154,114309,22219000.0,10610,25753000,10.667908070760033,4,0,8,12,-0.7177288769330709,-0.1434375277237742,-0.7710674102880599,1.5042333468740798,-0.6903330795880335,-1.0404561839039899,-1.1434964063637387,1.4222217405764441,양호
36,영도구,신선동,9583,268371,23260000.0,10610,25753000,6.316735347181758,0,0,5,5,-0.6731284457630005,2.81730757193699,-0.7467938231794042,-0.09729192358483105,-0.9108913318509075,-1.0404561839039899,-1.1434964063637387,3.0721519696468413,좋음
37,영도구,봉래1동,7439,129533,18056000.0,10610,25753000,6.335125039857878,3,2,14,19,-0.8960266379043316,0.1491354844222156,-0.8681384411558156,-0.09052327535875974,-0.4697748273251595,-1.0404561839039899,-1.1434964063637387,-0.5132438842838323,고려
38,영도구,봉래2동,5486,165385,13316000.0,10610,25753000,5.1265833319462715,1,2,4,7,-1.0990677616226243,0.8381349347281816,-0.9786637081058905,-0.5353482015529797,-0.8478746883472292,-1.0404561839039899,-1.1434964063637387,-0.4867988677774621,고려
39,영도구,청학1동,7083,98616,17192000.0,10610,25753000,7.936570086139389,4,0,18,22,-0.9330377183158585,-0.445023725806211,-0.8882848189289938,0.49891660069421895,-0.3752498620696421,-1.0404561839039899,-1.1434964063637387,-0.6884080642868919,고려
40,영도구,청학2동,18986,138567,46083000.0,10610,25753000,6.5505849220103975,3,0,21,24,0.3044423101628092,0.3227498165114741,-0.21461699457148029,-0.01121949498536447,-0.3122332185659638,-1.0404561839039899,-1.1434964063637387,2.689415072910388,좋음
41,영도구,동삼1동,29526,102400,71665000.0,10610,25753000,3.8095761640371615,12,2,26,40,1.4002198032456588,-0.3723032661398667,0.38189300102278473,-1.0200957385451224,0.19189992946346246,-1.0404561839039899,-1.1434964063637387,3.3896927096568485,좋음
42,영도구,동삼2동,3597,165808,8731000.0,10610,25753000,15.196122430661518,3,0,10,13,-1.2954552079635637,0.8462640981633993,-1.0855747521915642,3.170921889974083,-0.6588247578361943,-1.0404561839039899,-1.1434964063637387,2.5731875776423565,좋음
43,영도구,동삼3동,10846,196446,26325000.0,10610,25753000,6.001327418171656,1,0,7,8,-0.5418222812692965,1.4350615197430652,-0.6753254807317293,-0.21338333178739533,-0.8163663665953901,-1.0404561839039899,-1.1434964063637387,1.8346013125613503,좋음
44,부산진구,부전1동,15179,37070,44567000.0,17894,52539000,6.041939784830184,21,0,188,209,-0.09134753008068301,-1.62780739669015,-0.24996642594201057,-0.19843523948475583,5.516806305524277,0.3508616157817746,-0.10640561687381642,-6.122540982236202,나쁨
45,부산진구,부전2동,10271,36666,30157000.0,17894,52539000,5.729128748088903,27,1,94,122,-0.601601413956454,-1.6355714203965992,-0.5859725644969851,-0.3135708160397646,2.775582313114272,0.3508616157817746,-0.10640561687381642,-5.441326973523008,나쁨
46,부산진구,연지동,20808,82143,61094000.0,17894,52539000,5.486581988348774,6,0,11,17,0.4938641879993322,-0.7615998706486237,0.13540300167062402,-0.4028443957546829,-0.5327914708288378,0.3508616157817746,-0.10640561687381642,0.9718338998196046,양호
47,부산진구,초읍동,20576,87729,60413000.0,17894,52539000,7.88156234410306,16,0,27,43,0.46974460750642694,-0.6542487903906429,0.11952373863412591,0.4786700385514001,0.28642489471897986,0.3508616157817746,-0.10640561687381642,1.2396801088070872,양호
48,부산진구,양정1동,20648,89311,60625000.0,17894,52539000,5.977593592220526,12,0,14,26,0.4772299945559493,-0.623846103500538,0.12446706280995205,-0.2221189817926083,-0.24921657506228553,0.3508616157817746,-0.10640561687381642,1.018201301713493,양호
49,부산진구,양정2동,13197,125885,38748000.0,17894,52539000,6.190923766435142,20,0,30,50,-0.29740360136058885,0.07902865649863633,-0.3856513475416911,-0.14359907769761668,0.5069831469818539,0.3508616157817746,-0.10640561687381642,-0.9138700589697217,고려
50,부산진구,전포1동,18231,118234,53528000.0,17894,52539000,5.454733844754607,18,6,46,70,0.2259497098518461,-0.06800734691235737,-0.04101770924588795,-0.41456666237647694,1.1371495820186368,0.3508616157817746,-0.10640561687381642,-0.41148374129249465,고려
51,부산진구,전포2동,21462,105712,63015000.0,17894,52539000,6.089577950043068,13,1,23,37,0.5618564536991598,-0.308653646051354,0.1801960476223316,-0.18090117906621475,0.09737496420794503,0.3508616157817746,-0.10640561687381642,1.3276865356679965,양호
52,부산진구,부암1동,23010,143922,67560000.0,17894,52539000,5.88941609373487,12,7,12,31,0.7227922752638896,0.42566156638284663,0.28617438903332115,-0.25457425329800965,-0.09167496630308981,0.3508616157817746,-0.10640561687381642,2.5776227750711294,좋음
53,부산진구,부암3동,18647,71724,54750000.0,17894,52539000,7.143944294357142,7,0,18,25,0.2691986128046417,-0.9618309671770701,-0.01252364253428636,0.207176806344514,-0.28072489681412466,0.3508616157817746,-0.10640561687381642,0.5684754089412671,양호
54,부산진구,당감1동,24802,43985,72821000.0,17894,52539000,6.648195142161686,7,0,18,25,0.9090952418297782,-1.494915753298826,0.4088481083211574,0.024707654810424216,-0.28072489681412466,0.3508616157817746,-0.10640561687381642,1.5946558547282883,양호
55,부산진구,당감2동,10349,65958,30386000.0,17894,52539000,6.007492349744629,7,1,6,14,-0.5934922446528047,-1.0726412659181221,-0.5806328416844182,-0.2111142208299599,-0.6273164360843552,0.3508616157817746,-0.10640561687381642,-2.0315491077916623,나쁨
56,부산진구,당감4동,12298,130881,36108000.0,17894,52539000,3.578608430167085,5,1,15,21,-0.39086697577059665,0.1750411872843277,-0.4472097240708468,-1.1051074551449085,-0.4067581838214812,0.3508616157817746,-0.10640561687381642,-1.302788642067486,고려
57,부산진구,가야1동,20499,93138,60187000.0,17894,52539000,6.108544736638365,18,0,28,46,0.4617394019117989,-0.5502992749743489,0.11425396852216031,-0.17392012132351278,0.3809498599744973,0.3508616157817746,-0.10640561687381642,0.5936324439169722,양호
58,부산진구,가야2동,17071,71844,50122000.0,17894,52539000,7.011000050055148,4,1,19,24,0.10535180738731996,-0.9595248215216892,-0.12043734199524557,0.15824435058196443,-0.3122332185659638,0.3508616157817746,-0.10640561687381642,0.101052327239048,양호
59,부산진구,개금1동,17128,86020,50290000.0,17894,52539000,4.0454267058371665,10,1,25,36,0.11127773880152513,-0.6870921480993591,-0.11651999076157203,-0.9332868190330723,0.06586664245610589,0.3508616157817746,-0.10640561687381642,-1.0043750894986023,고려
60,부산진구,개금2동,11825,124260,34719000.0,17894,52539000,10.407569868406592,2,1,12,15,-0.44004181013759736,0.04779960074868669,-0.4795978244492548,1.4084113153386355,-0.5958081143325161,0.3508616157817746,-0.10640561687381642,1.1008704438988723,양호
61,부산진구,개금3동,30375,104140,89184000.0,17894,52539000,6.482289021971562,6,0,16,22,1.4884849922046093,-0.33886415413684373,0.790393454967587,-0.03635699623605759,-0.3752498620696421,0.3508616157817746,-0.10640561687381642,4.342327811027901,좋음
62,부산진구,범천1동,11424,69915,33542000.0,17894,52539000,7.005722052657447,14,0,99,113,-0.4817312574550758,-0.9965961129319371,-0.5070426006518367,0.15630169126990592,2.4920074173477196,0.3508616157817746,-0.10640561687381642,-3.7793510110497457,나쁨
63,부산진구,범천2동,20080,104078,58957000.0,17894,52539000,5.520064695489503,5,2,18,25,0.4181786078319399,-0.3400556627254572,0.0855733612756219,-0.3905204994132031,-0.28072489681412466,0.3508616157817746,-0.10640561687381642,0.9980532040181713,양호
64,동래구,수민동,32743,121030,112999000.0,20865,72008000,4.244192366564718,9,2,32,43,1.7346710551666766,-0.01427415314198246,1.3457013099076784,-0.8601276390194478,0.28642489471897986,0.9183527172186783,0.6473881776673355,0.5790890863705991,양호
65,동래구,복산동,10805,123883,37289000.0,20865,72008000,14.027049406569144,2,0,14,16,-0.5460847933391635,0.040554459814698365,-0.4196716776007965,2.7406241035979932,-0.564299792580677,0.9183527172186783,0.6473881776673355,-1.6616335180379307,나쁨
66,동래구,명륜동,24991,127791,86246000.0,20865,72008000,7.380901043528087,11,1,16,28,0.9287443828347742,0.11565793665826958,0.7218864435120341,0.29439288483909026,-0.18619993155860723,0.9183527172186783,0.6473881776673355,-0.0823672620998676,고려
67,동래구,온천1동,18982,138485,65509000.0,20865,72008000,5.1239986446139385,25,1,28,54,0.3040264553267247,0.3211739503136305,0.23835005938888998,-0.536299540960063,0.6330164339892105,0.9183527172186783,0.6473881776673355,-3.1643599739688053,나쁨
68,동래구,온천2동,15639,117904,53972000.0,20865,72008000,7.7277711708650605,11,2,16,29,-0.04352422393095713,-0.07434924746465482,-0.030664709556893592,0.4220645057534216,-0.1546916098067681,0.9183527172186783,0.6473881776673355,-2.9735645891847473,나쁨
69,동래구,온천3동,38317,76149,132235000.0,20865,72008000,7.7959958912339875,24,2,21,47,2.314164769250529,-0.8767918461348995,1.794238026163299,0.44717580808089485,0.41245818172633647,0.9183527172186783,0.6473881776673355,2.5940882989809424,좋음
70,동래구,사직1동,10740,152313,37065000.0,20865,72008000,6.178462276023251,11,1,14,26,-0.5528424344255377,0.5869188013353559,-0.42489481257902784,-0.14818574733131765,-0.24921657506228553,0.9183527172186783,0.6473881776673355,-4.275621744386295,나쁨
71,동래구,사직2동,29170,125796,100668000.0,20865,72008000,6.3125481139337944,3,1,20,24,1.3632087228341319,0.07731826513756217,1.058172392869414,-0.09883310806219771,-0.3122332185659638,0.9183527172186783,0.6473881776673355,0.8397298441831978,양호
72,동래구,사직3동,15393,270333,53123000.0,20865,72008000,6.772131650159298,3,0,19,22,-0.06909929635015837,2.855013053402468,-0.05046132382706524,0.07032465558243164,-0.3752498620696421,0.9183527172186783,0.6473881776673355,-0.2932459270111175,고려
73,동래구,안락1동,15200,243775,52457000.0,20865,72008000,5.858952183148253,11,0,20,31,-0.089164292191239,2.3446245841057527,-0.06599082336055677,-0.26578702873601734,-0.09167496630308981,0.9183527172186783,0.6473881776673355,-1.424464289100357,고려
74,동래구,안락2동,29036,170299,100206000.0,20865,72008000,6.101954684265308,12,1,17,30,1.3492775858252986,0.9325715993160293,1.0473996769768117,-0.17634570543142639,-0.12318328805492895,0.9183527172186783,0.6473881776673355,1.4260727877180652,양호
75,동래구,명장1동,14749,150736,50900000.0,20865,72008000,7.141912270490503,4,0,14,18,-0.13605192495977458,0.5566122038475586,-0.10229627497263834,0.20642888439810125,-0.5012831490769987,0.9183527172186783,0.6473881776673355,-2.547799581245584,나쁨
76,동래구,명장2동,15482,130742,53430000.0,20865,72008000,5.148168769185422,6,0,14,20,-0.05984652624727661,0.17236990190017815,-0.043302830798864184,-0.5274033036119998,-0.43826650557332036,0.9183527172186783,0.6473881776673355,-3.4965268464802275,나쁨
77,남구,대연1동,16566,153614,57634000.0,16145,56172000,3.9468220545127375,21,3,34,58,0.05285013433164264,0.6119212638157772,0.05472422031044276,-0.9695799866256003,0.759049720996567,0.016784895346518985,0.03425558070017326,-0.34268583507616635,고려
78,남구,대연3동,33316,-25827,115908000.0,16145,56172000,2.5742740212031903,31,1,57,89,1.7942422604357917,-2.836554424077586,1.4135321119240851,-1.4747703111448736,1.7358076953035804,0.016784895346518985,0.03425558070017326,-0.04092135168784483,고려
79,남구,대연4동,12915,82082,44932000.0,16145,56172000,7.1712340505086685,2,0,15,17,-0.32672136730455126,-0.7627721613567756,-0.24145551403551746,0.2172212786920493,-0.5327914708288378,0.016784895346518985,0.03425558070017326,-0.5949853725002384,고려
80,남구,대연5동,17175,99752,59753000.0,16145,56172000,5.928600985592296,10,1,35,46,0.11616403312551886,-0.42319221360193854,0.104134144501837,-0.24015156807804466,0.3809498599744973,0.016784895346518985,0.03425558070017326,-0.16275209343174102,고려
81,남구,대연6동,16442,190022,57202000.0,16145,56172000,5.222500272005222,1,0,8,9,0.039958634413020874,1.3116058556583412,0.044651031423853654,-0.5000442931291433,-0.7848580448435509,0.016784895346518985,0.03425558070017326,2.024353498640205,좋음
82,남구,용호1동,45863,42675,159559000.0,16145,56172000,9.156581132204666,10,3,30,43,3.0986749175240758,-1.5200911767034007,2.43136722324006,0.9479630175199203,0.28642489471897986,0.016784895346518985,0.03425558070017326,8.630729403420089,좋음
83,남구,용호2동,17924,180407,62358000.0,16145,56172000,11.008873801441247,4,2,20,26,0.19403285118235514,1.1268259350209469,0.164876406190644,1.6297317512668577,-0.24921657506228553,0.016784895346518985,0.03425558070017326,3.9864855614321075,좋음
84,남구,용호3동,12853,146435,44716000.0,16145,56172000,5.9246938716985476,5,0,26,31,-0.3331671172638621,0.47395609998261495,-0.246492108478812,-0.24158964972474462,-0.09167496630308981,0.016784895346518985,0.03425558070017326,-0.18861482534561225,고려
85,남구,용호4동,8977,81784,31231000.0,16145,56172000,2.314868733181726,10,2,7,19,-0.7361304534298132,-0.7684990897343048,-0.560929497681715,-1.5702489672335702,-0.4697748273251595,0.016784895346518985,0.03425558070017326,-3.622795793736478,나쁨
86,남구,용당동,8207,99975,28552000.0,16145,56172000,7.944303855798289,10,0,13,23,-0.8161825093760935,-0.41890662625902236,-0.6233972593186877,0.5017631499652971,-0.34374154031780296,0.016784895346518985,0.03425558070017326,-1.5335664096632797,고려
87,남구,감만1동,14694,84519,51121000.0,16145,56172000,4.763720238662575,9,2,11,22,-0.14176992895593746,-0.7159381866720819,-0.09714309269500826,-0.668906313475694,-0.3752498620696421,0.016784895346518985,0.03425558070017326,-1.0253622980864268,고려
88,남구,감만2동,7332,97561,25508000.0,16145,56172000,7.060331651519385,4,2,2,8,-0.9071507547695938,-0.4652985896931014,-0.6943759328621535,0.17640170984951642,-0.8163663665953901,0.016784895346518985,0.03425558070017326,-1.7903329368602225,나쁨
89,남구,우암동,13863,78963,48230000.0,16145,56172000,6.802319273840665,5,1,8,14,-0.2281637711525075,-0.8227127305162174,-0.16455417850780713,0.08143573878968575,-0.6273164360843552,0.016784895346518985,0.03425558070017326,-0.4300259665451568,고려
90,남구,문현1동,14894,107737,51817000.0,16145,56172000,4.671920458718189,4,1,13,18,-0.12097718715170883,-0.26973743811680134,-0.08091406615550359,-0.702694829065256,-0.5012831490769987,0.016784895346518985,0.03425558070017326,-0.4519758631119052,고려
91,남구,문현2동,9143,91811,31809000.0,16145,56172000,3.910160406731565,10,0,7,17,-0.7188724777323034,-0.5758014023467694,-0.5474519440325286,-0.9830739477041958,-0.5327914708288378,0.016784895346518985,0.03425558070017326,-2.7425768406522475,나쁨
92,남구,문현3동,14623,79084,50874000.0,16145,56172000,4.4914615094542905,3,1,9,13,-0.14915135229643864,-0.820387366980375,-0.10290253171118305,-0.7691159035403053,-0.6588247578361943,0.016784895346518985,0.03425558070017326,-1.0245109284816365,고려
93,남구,문현4동,9693,132566,33722000.0,16145,56172000,4.9839517267941975,4,0,7,11,-0.6616924377706747,0.20742331586196777,-0.5028454386157579,-0.5878462600141734,-0.7218414013398726,0.016784895346518985,0.03425558070017326,-1.2475113108302485,고려
94,북구,구포1동,15074,198231,46226000.0,22394,68676000,9.957072692818377,15,0,32,47,-0.10226371952790304,1.469365436366856,-0.21128258250948434,1.2425979457462732,0.41245818172633647,1.2104072086683673,0.5183809906823277,-1.4743047212965172,고려
95,북구,구포2동,26932,115948,82590000.0,22394,68676000,4.209950484440384,10,5,29,44,1.1305379420448132,-0.11193942164736345,0.6366374190459004,-0.8727309629999075,0.317933216470819,1.2104072086683673,0.5183809906823277,-1.6891875228440758,나쁨
96,북구,구포3동,21128,128494,64791000.0,22394,68676000,8.681116709446398,13,0,27,40,0.527132574886098,0.12916810662270933,0.22160804637830903,0.7729600156567085,0.19189992946346246,1.2104072086683673,0.5183809906823277,-1.368733168931817,고려
97,북구,금곡동,40215,72933,123324000.0,22394,68676000,5.098327447430219,8,2,33,43,2.511487888972659,-0.9385965496991074,1.5864551878105317,-0.5457482743532182,0.28642489471897986,1.2104072086683673,0.5183809906823277,1.6517994758929468,좋음
98,북구,화명1동,43869,44140,134529000.0,22394,68676000,6.765236616650139,8,3,15,26,2.8913712817359163,-1.4919369818272923,1.8477285245564365,0.06778681782992382,-0.24921657506228553,1.2104072086683673,0.5183809906823277,3.1900800901910467,좋음
99,북구,화명2동,16052,134477,49225000.0,22394,68676000,7.034984897885704,4,1,14,19,-0.0005872121052249791,0.24414868542390855,-0.14135319947503822,0.16707239358301507,-0.4697748273251595,1.2104072086683673,0.5183809906823277,-2.788341767552481,나쁨
100,북구,화명3동,30982,98306,95010000.0,22394,68676000,7.056765369101938,22,0,13,35,1.5515909635804432,-0.4509812687492783,0.9262415995353372,0.17508907719253525,0.034358320704266754,1.2104072086683673,0.5183809906823277,0.4097918783090396,양호
101,북구,덕천1동,13529,130614,41488000.0,22394,68676000,9.827838129724922,6,1,18,25,-0.2628876499655693,0.1699100132011052,-0.32176121432582505,1.1950309030753776,-0.28072489681412466,1.2104072086683673,0.5183809906823277,-2.7105738836314712,나쁨
102,북구,덕천2동,12646,80551,38780000.0,22394,68676000,3.5142442949521935,18,1,45,64,-0.3546876050312388,-0.7921947363433436,-0.3849051854019438,-1.1287978015426292,0.9480996515076019,1.2104072086683673,0.5183809906823277,-7.233208455076079,나쁨
103,북구,덕천3동,11428,153737,35045000.0,22394,68676000,8.004571138340424,1,0,6,7,-0.4813154026189912,0.6142850631125425,-0.47199629765057877,0.5239455780380999,-0.8478746883472292,1.2104072086683673,0.5183809906823277,-3.0870633969616423,나쁨
104,북구,만덕1동,11912,152613,36529000.0,22394,68676000,5.6521925868659535,8,0,7,15,-0.4309969674527579,0.5926841654738081,-0.4373930284197958,-0.3418885166318308,-0.5958081143325161,1.2104072086683673,0.5183809906823277,-4.037133888259762,나쁨
105,북구,만덕2동,27784,229848,85203000.0,22394,68676000,6.722701871393116,10,2,30,42,1.2191150221308273,2.076977162918338,0.6975662212696443,0.0521311604407052,0.25491657296714076,1.2104072086683673,0.5183809906823277,1.719743567233248,좋음
106,북구,만덕3동,19581,226679,60047000.0,22394,68676000,8.826950332758196,5,2,8,15,0.36630071703038947,2.0160756997358207,0.1109895091607657,0.8266366329398672,-0.5958081143325161,1.2104072086683673,0.5183809906823277,0.7576541802564001,양호
107,해운대구,우1동,23004,16429,100577000.0,22218,97145000,5.719223455026227,43,1,31,75,0.7221684930097627,-2.024483667296126,1.0560504942845075,-0.31721663250327,1.2946911907778325,1.1767894254799138,1.6206335735983508,-4.437104489296312,나쁨
108,해운대구,우2동,31399,-7864,137282000.0,22218,97145000,6.444909227680941,28,2,56,86,1.59494383024226,-2.491343637347527,1.911921786141575,-0.05011528370568368,1.641282730048063,1.1767894254799138,1.6206335735983508,-2.144920926347921,나쁨
109,해운대구,중1동,23170,26618,101303000.0,22218,97145000,4.926412856450778,31,1,31,63,0.7394264687072725,-1.8286726832738263,1.0729790478300252,-0.6090244482275027,0.9165913297557627,1.1767894254799138,1.6206335735983508,-4.175857100961347,나쁨
110,해운대구,중2동,15970,106591,69824000.0,22218,97145000,6.605535178392798,7,2,5,14,-0.009112236244958723,-0.2917611291256889,0.3389653604204455,0.00900590855647387,-0.6273164360843552,1.1767894254799138,1.6206335735983508,-3.160777808644566,나쁨
111,해운대구,좌1동,18615,61241,81388000.0,22218,97145000,5.443569329284314,17,0,21,38,0.2658717741159651,-1.1632920080550528,0.6086097036716409,-0.4186759576846622,0.12888328595978418,1.1767894254799138,1.6206335735983508,-4.192477032249041,나쁨
112,해운대구,좌2동,32877,30981,143744000.0,22218,97145000,13.1065072753827,19,4,40,63,1.74860219217551,-1.744825070820269,2.0625999032368036,2.4018024618763576,0.9165913297557627,1.1767894254799138,1.6206335735983508,2.120802921408388,좋음
113,해운대구,좌3동,16950,120698,74108000.0,22218,97145000,14.361780801656561,4,2,6,12,0.09277219859576163,-0.020654489455202943,0.4388578168791208,2.8638278516688365,-0.6903330795880335,1.1767894254799138,1.6206335735983508,0.3388055106966673,양호
114,해운대구,좌4동,24145,133793,105566000.0,22218,97145000,11.261789951496814,8,2,13,23,0.8407910850028871,0.23100365518823746,1.1723818353844913,1.7228219665612914,-0.34374154031780296,1.1767894254799138,1.6206335735983508,1.5455521602567226,양호
115,해운대구,송정동,10368,83355,45331000.0,22218,97145000,4.394132500256987,12,0,22,34,-0.591516934181403,-0.7383077995292766,-0.2321518048555428,-0.8049395487230281,0.0028499989524276106,1.1767894254799138,1.6206335735983508,-6.773295572029065,나쁨
116,해운대구,반여1동,35767,15666,156379000.0,22218,97145000,4.521830490035729,9,4,32,45,2.0490573112466137,-2.039146910088256,2.357217360602668,-0.7579380687520664,0.34944153822265817,1.1767894254799138,1.6206335735983508,0.07374403937865798,양호
117,해운대구,반여2동,13766,152729,60187000.0,22218,97145000,8.048801054826445,3,0,15,18,-0.23824825092755839,0.594913439607343,0.11425396852216031,0.5402251728652152,-0.5012831490769987,1.1767894254799138,1.6206335735983508,-2.5707513802949564,나쁨
118,해운대구,반여3동,9508,181255,41571000.0,22218,97145000,8.069254555444058,2,0,9,11,-0.6809257239395862,1.1431226976523052,-0.31982585627585536,0.5477534417227006,-0.7218414013398726,1.1767894254799138,1.6206335735983508,-3.243098457721082,나쁨
119,해운대구,반여4동,16598,106751,72569000.0,22218,97145000,5.11872826626925,2,0,5,7,0.05617697302031922,-0.2886862682518477,0.4029720814706471,-0.5382393959463199,-0.8478746883472292,1.1767894254799138,1.6206335735983508,-3.3213716643154365,나쁨
120,해운대구,반송1동,15145,183917,66216000.0,22218,97145000,11.057002210343704,11,1,28,40,-0.09488229618740188,1.194280695440838,0.2548355791639328,1.6474462544550643,0.19189992946346246,1.1767894254799138,1.6206335735983508,-0.9638365322732183,고려
121,해운대구,반송2동,25182,93405,110100000.0,22218,97145000,3.612346120501189,12,0,38,50,0.9486014512578126,-0.5451681008911264,1.2781036835599429,-1.0926897077766655,0.5069831469818539,1.1767894254799138,1.6206335735983508,-2.3846417732958254,나쁨
122,해운대구,재송1동,38542,28416,168512000.0,22218,97145000,5.137969306134947,15,2,31,48,2.3375566037802864,-1.7941189342040358,2.640129399401246,-0.5311573944877616,0.44396650347817557,1.1767894254799138,1.6206335735983508,1.3853082982013887,양호
123,해운대구,재송2동,26716,103402,116807000.0,22218,97145000,6.69334651381559,9,0,13,22,1.1080817808962462,-0.35304694991743624,1.4344946045376121,0.04132640733839618,-0.3752498620696421,1.1767894254799138,1.6206335735983508,0.15329378275204064,양호
124,사하구,괴정1동,20658,141130,64616000.0,20062,62755000,8.347877262764834,16,0,34,50,0.4782696316461607,0.3720052441343178,0.21752747217656576,0.6503054053071159,0.5069831469818539,0.7649715814213597,0.28913382557481515,-0.07063391083100712,고려
125,사하구,괴정2동,14833,103837,46396000.0,20062,62755000,7.93099843178254,10,0,13,23,-0.12731897340199858,-0.34468717191668047,-0.2073185961420766,0.4968658557990779,-0.34374154031780296,0.7649715814213597,0.28913382557481515,-1.945030111283104,나쁨
126,사하구,괴정3동,13395,118845,41898000.0,20062,62755000,9.88553590010406,14,1,25,40,-0.2768187869744025,-0.056265221950376296,-0.31220101191031224,1.2162675772277505,0.19189992946346246,0.7649715814213597,0.28913382557481515,-1.7816546622189964,나쁨
127,사하구,괴정4동,11805,150297,36925000.0,20062,62755000,5.946004928482447,7,0,22,29,-0.4421210843180202,0.5481755543249568,-0.42815927194042247,-0.23374574231223177,-0.1546916098067681,0.7649715814213597,0.28913382557481515,-2.8098396733281272,나쁨
128,사하구,당리동,28443,111157,88967000.0,20062,62755000,9.071799282876995,16,3,35,54,1.2876271063757607,-0.20401228693844575,0.7853335429574253,0.9167575741141152,0.6330164339892105,0.7649715814213597,0.28913382557481515,1.7707460509038266,좋음
129,사하구,하단1동,22196,96659,69427000.0,20062,62755000,7.2679435477983585,21,0,26,47,0.6381658161206789,-0.4826331178693811,0.3297082863742051,0.25281690167514365,0.41245818172633647,0.7649715814213597,0.28913382557481515,-0.8022745323314366,고려
130,사하구,하단2동,25992,176356,81301000.0,20062,62755000,6.815766111856433,33,0,48,81,1.0328120555649387,1.0489743012713801,0.6065810753542028,0.08638508285348823,1.4837411212888674,0.7649715814213597,0.28913382557481515,0.8038598519093088,양호
131,사하구,신평1동,18152,96831,56778000.0,20062,62755000,2.580871171658016,11,0,26,37,0.21773657683917577,-0.47932764243000187,0.03476438307220139,-1.472342114463742,0.09737496420794503,0.7649715814213597,0.28913382557481515,-3.4417555943457403,나쁨
132,사하구,신평2동,16284,110890,50935000.0,20062,62755000,5.120539143218177,6,1,13,20,0.023532368387680247,-0.20914346102166825,-0.10148016013228968,-0.5375728709932464,-0.43826650557332036,0.7649715814213597,0.28913382557481515,-2.3485989293408784,나쁨
133,사하구,장림1동,12260,165685,38348000.0,20062,62755000,8.363356270912506,12,1,18,31,-0.39481759671340005,0.8439002988666339,-0.3949783742885329,0.6560027251528217,-0.09167496630308981,0.7649715814213597,0.28913382557481515,-1.5431802417233778,고려
134,사하구,장림2동,28182,78126,88151000.0,20062,62755000,4.460115678451023,16,3,19,38,1.2604925783212422,-0.8387980964624991,0.7663064083938681,-0.7806532852220839,0.12888328595978418,0.7649715814213597,0.28913382557481515,-0.2336242384199982,고려
135,사하구,다대1동,40964,14865,128132000.0,20062,62755000,4.6563694063243535,12,1,40,53,2.589356707029495,-2.0545404323379235,1.6985660493075696,-0.7084186660566032,0.6015081122373713,0.7649715814213597,0.28913382557481515,1.9418871128020254,좋음
136,사하구,다대2동,28866,184070,90290000.0,20062,62755000,6.233750154760431,11,1,19,31,1.3316037552917042,1.1972210311514488,0.8161826839226044,-0.1278360759730994,-0.09167496630308981,0.7649715814213597,0.28913382557481515,2.829485604540296,좋음
137,사하구,구평동,11849,175297,37063000.0,20062,62755000,4.484915907826728,9,0,8,17,-0.4375466811210899,1.0286225658626438,-0.42494144771276204,-0.7715251267734103,-0.5327914708288378,0.7649715814213597,0.28913382557481515,-2.551953277760764,나쁨
138,사하구,감천1동,20229,161992,63275000.0,20062,62755000,3.002618712321397,5,1,28,34,0.43366920047609026,0.7729286663222867,0.18625861500777874,-1.317110551150659,0.0028499989524276106,0.7649715814213597,0.28913382557481515,-1.3578771028197005,고려
139,사하구,감천2동,6896,164920,21570000.0,20062,62755000,12.657545325874505,0,0,13,13,-0.9524789319028123,0.8291986203135806,-0.7862005111848107,2.236554159110622,-0.6588247578361943,0.7649715814213597,0.28913382557481515,-1.075112048087878,고려
140,금정구,서1동,6614,161415,21664000.0,14453,47342000,13.546310054482415,1,0,7,8,-0.9817966978467747,0.761839949295997,-0.7840086598993029,2.5636795716793004,-0.8163663665953901,-0.30640424757883983,-0.30762120833872814,1.5856809574248178,양호
141,금정구,서2동,10409,165719,34094000.0,14453,47342000,9.396539308273152,5,1,16,22,-0.5872544221115361,0.8445537068023251,-0.49417130374119506,1.0362838237118823,-0.3752498620696421,-0.30640424757883983,-0.30762120833872814,0.9040541582879097,양호
142,금정구,서3동,11705,174140,38339000.0,14453,47342000,6.0788297440065024,11,0,20,31,-0.45251745522013453,1.0063874781686795,-0.39518823239033685,-0.1848572444015164,-0.09167496630308981,-0.30640424757883983,-0.30762120833872814,-0.0010102147766519187,고려
143,금정구,부곡1동,8997,122159,29469000.0,14453,47342000,4.7221023871153305,2,0,8,10,-0.7340511792493903,0.00742283389905948,-0.6020150505015529,-0.684224492088541,-0.7533497230917118,-0.30640424757883983,-0.30762120833872814,-1.7663205499107617,나쁨
144,금정구,부곡2동,17098,139011,56003000.0,14453,47342000,4.749403791227954,7,1,10,18,0.10815882753089083,0.33128255543638346,0.016693268750195465,-0.6741757325050738,-0.5012831490769987,-0.30640424757883983,-0.30762120833872814,0.7481043311552127,양호
145,금정구,부곡3동,17630,48881,57745000.0,14453,47342000,10.391692954784435,13,1,24,38,0.163467520730139,-1.4008250105592852,0.05731247023269135,1.4025675394193322,0.12888328595978418,-0.30640424757883983,-0.30762120833872814,0.7450294188886645,양호
146,금정구,부곡4동,13636,194985,44663000.0,14453,47342000,6.351097975657037,4,1,9,14,-0.25176353310030697,1.4069841963888028,-0.24772793952276856,-0.08464415679673337,-0.6273164360843552,-0.30640424757883983,-0.30762120833872814,1.4961142367035518,양호
147,금정구,장전1동,17950,112237,58793000.0,14453,47342000,7.501436099802692,22,1,11,34,0.19673590761690485,-0.1832569760400177,0.08174928030941678,0.33875792177589514,0.0028499989524276106,-0.30640424757883983,-0.30762120833872814,1.0937090958739741,양호
148,금정구,장전2동,14455,209057,47346000.0,14453,47342000,5.829552082406557,23,0,26,49,-0.1666172554119907,1.677418210243136,-0.1851669076183274,-0.2766082503429463,0.4754748252300147,-0.30640424757883983,-0.30762120833872814,0.933199892465363,양호
149,금정구,선두구동,2458,116350,8051000.0,14453,47342000,6.664201867085682,1,0,6,7,-1.4138698725386458,-0.10421383370183744,-1.1014306976611952,0.030599210051187358,-0.8478746883472292,-0.30640424757883983,-0.30762120833872814,-3.010369097111676,나쁨
150,금정구,청룡노포동,10247,99638,33563000.0,14453,47342000,5.527098310626499,5,0,10,15,-0.6040965429729613,-0.42538305197455034,-0.5065529317476275,-0.38793165426726317,-0.5958081143325161,-0.30640424757883983,-0.30762120833872814,-1.6613015734173828,나쁨
151,금정구,남산동,30579,55555,100159000.0,14453,47342000,3.430520274899661,31,2,37,70,1.5096935888449226,-1.2725648763591844,1.0463037513340578,-1.159613892370729,1.1371495820186368,-0.30640424757883983,-0.30762120833872814,1.312289800600145,양호
152,금정구,구서1동,19466,125063,63759000.0,14453,47342000,4.70018351050639,13,0,21,34,0.354344890492958,0.06323155875927719,0.19754431737145728,-0.6922921182250692,0.0028499989524276106,-0.30640424757883983,-0.30762120833872814,0.7549568117360573,양호
153,금정구,구서2동,34441,48679,112808000.0,14453,47342000,7.533831549181984,18,0,27,45,1.911201433084578,-1.4047070224125098,1.3412476546360614,0.3506816338702615,0.34944153822265817,-0.30640424757883983,-0.30762120833872814,4.456245200078779,좋음
154,금정구,금성동,1122,127063,3675000.0,14453,47342000,11.886771452951288,0,0,6,6,-1.5527653877908931,0.10166731968229213,-1.2034683702716442,1.9528573459257683,-0.8793830100990684,-0.30640424757883983,-0.30762120833872814,-1.2498878195601673,고려
155,강서구,대저1동,6962,232763,56340000.0,9399,76065000,4.7138081738893,7,4,27,38,-0.9456173271074169,2.1329972844636322,0.024551288784409653,-0.6872773224227822,0.12888328595978418,-1.2717694534563595,0.8044656559380969,1.0285562167113138,양호
156,강서구,대저2동,7493,150142,60637000.0,9399,76065000,4.721171879292432,9,4,22,35,-0.8904125976171898,0.5451967828534231,0.1247468736123573,-0.6845669817775061,0.034358320704266754,-1.2717694534563595,0.8044656559380969,-0.24127164020766997,고려
157,강서구,강동동,4707,213277,38091000.0,9399,76065000,4.831832589974472,3,1,13,17,-1.1800554909500949,1.7585176657906976,-0.40097098897337874,-0.6438363705462229,-0.5327914708288378,-1.2717694534563595,0.8044656559380969,0.2091374715681117,양호
158,강서구,가락동,2568,163892,20781000.0,9399,76065000,4.358203067212386,0,1,5,6,-1.4024338645463201,0.8094426391991509,-0.804598071442956,-0.8181640053533933,-0.8793830100990684,-1.2717694534563595,0.8044656559380969,-1.6023509463450343,고려
159,강서구,녹산동,31100,77190,251675000.0,9399,76065000,5.307304591994829,60,2,56,118,1.5638586812449382,-0.8567860325744702,4.5792882127702494,-0.46883057900295516,2.6495490261069152,-1.2717694534563595,0.8044656559380969,7.134375559589748,좋음
160,강서구,가덕도동,3567,164221,28866000.0,9399,76065000,0.18905021173623715,5,1,11,17,-1.298574119234198,0.8157653218709869,-0.6160755433224169,-2.3526936778413226,-0.5327914708288378,-1.2717694534563595,0.8044656559380969,-2.9569520866467376,나쁨
161,연제구,거제1동,30567,82791,84768000.0,17449,48391000,4.668542385684686,14,1,24,39,1.5084460243366689,-0.7491466841095668,0.6874230796824539,-0.7039381879646383,0.1603916077116233,0.26586210715187825,-0.2670064006714793,2.197900689949221,좋음
162,연제구,거제2동,12743,114801,35339000.0,17449,48391000,5.368578730224551,5,3,10,18,-0.3446031252561879,-0.13398233053671252,-0.46514093299165005,-0.4462775600734305,-0.5012831490769987,0.26586210715187825,-0.2670064006714793,-1.3490126101667075,고려
163,연제구,거제3동,10635,217192,29493000.0,17449,48391000,4.425370349337184,3,0,5,8,-0.5637586238727578,1.8337556677974993,-0.6014554288967424,-0.7934419116778189,-0.8163663665953901,0.26586210715187825,-0.2670064006714793,-0.061692581199125573,고려
164,연제구,거제4동,11093,150062,30763000.0,17449,48391000,7.868104982206407,3,0,12,15,-0.5161432451410742,0.5436593524165025,-0.5718421189755198,0.4737168209890606,-0.5958081143325161,0.26586210715187825,-0.2670064006714793,-0.13391045011680003,고려
165,연제구,연산1동,16954,99753,47016000.0,17449,48391000,5.885893601012975,11,2,21,34,0.0931880534318462,-0.423172995721477,-0.19286170468447186,-0.25587076839118295,0.0028499989524276106,0.26586210715187825,-0.2670064006714793,-0.6818879608242544,고려
166,연제구,연산2동,16294,73361,45186000.0,17449,48391000,9.991355839512632,15,0,22,37,0.02457200547789168,-0.9303712968615823,-0.23553285205127295,1.2552164578738605,0.09737496420794503,0.26586210715187825,-0.2670064006714793,0.06313249946563015,양호
167,연제구,연산3동,7837,131266,21733000.0,17449,48391000,10.437950423695256,3,0,11,14,-0.8546490817139165,0.18244007126200806,-0.7823997477854727,1.419593410400437,-0.6273164360843552,0.26586210715187825,-0.2670064006714793,-0.4281376706234974,고려
168,연제구,연산4동,17244,97419,47821000.0,17449,48391000,3.30013378920767,14,1,30,45,0.12333752904797773,-0.46802752871863545,-0.17409106335645283,-1.2076049203137265,0.34944153822265817,0.26586210715187825,-0.2670064006714793,-1.8752019231918777,나쁨
169,연제구,연산5동,16369,72699,45394000.0,17449,48391000,7.789433733249848,35,1,38,74,0.03236928365447742,-0.9430935337271003,-0.23068279814291523,0.444760490991,1.2631828690259932,0.26586210715187825,-0.2670064006714793,-1.6718668519476318,나쁨
170,연제구,연산6동,17655,85302,48960000.0,17449,48391000,10.058030565167245,6,1,23,30,0.1660666134556676,-0.7008905862707215,-0.1475323546948209,1.2797572575203897,-0.12318328805492895,0.26586210715187825,-0.2670064006714793,0.8714916021723489,양호
171,연제구,연산8동,14948,101779,41453000.0,17449,48391000,6.8584876337640415,9,1,32,42,-0.1153631468645671,-0.38423756990646285,-0.3225773291661737,0.10210948665771874,0.25491657296714076,0.26586210715187825,-0.2670064006714793,-1.0436195739800356,고려
172,연제구,연산9동,37056,8566,102763000.0,17449,48391000,6.794549230847165,23,2,17,42,2.1830665321748675,-2.175593861364959,1.1070226954559976,0.07857583848299149,0.25491657296714076,0.26586210715187825,-0.2670064006714793,3.2801039431287626,좋음
173,수영구,남천1동,14211,180171,59849000.0,17614,74184000,4.495330650671932,18,1,26,45,-0.19198440041314965,1.122290515232031,0.10637263092107903,-0.7676917984016034,0.34944153822265817,0.2973787788910533,0.7316377691677488,-1.6255247740116654,고려
174,수영구,남천2동,12453,117588,52445000.0,17614,74184000,9.313543599257883,3,0,15,18,-0.37475260087231943,-0.08042209769049119,-0.06627063416296203,1.0057358005071642,-0.5012831490769987,0.2973787788910533,0.7316377691677488,-0.9449133701298583,고려
175,수영구,수영동,15230,90804,64141000.0,17614,74184000,7.301972138595708,8,0,26,34,-0.08604538092060471,-0.5951538079715074,0.20645162791469115,0.2653417200499114,0.0028499989524276106,0.2973787788910533,0.7316377691677488,-1.7018615164698672,나쁨
176,수영구,망미1동,28504,134300,120043000.0,17614,74184000,8.728546335682392,8,1,25,34,1.2939688926260504,0.24074712058222172,1.509950250919562,0.7904173196551805,0.0028499989524276106,0.2973787788910533,0.7316377691677488,3.9680387762799287,좋음
177,수영구,망미2동,11987,163787,50483000.0,17614,74184000,5.533518391868153,6,1,7,14,-0.4231996892761722,0.8074247617506927,-0.11201970035622087,-0.38556863100891453,-0.6273164360843552,0.2973787788910533,0.7316377691677488,-1.498797764396365,고려
178,수영구,광안1동,26280,95883,110677000.0,17614,74184000,7.0412154884063725,15,2,16,33,1.0627536037630279,-0.4975461931075109,1.291557919642262,0.1693656714652422,-0.02865832279941153,0.2973787788910533,0.7316377691677488,1.9119636880600692,좋음
179,수영구,광안2동,18960,171099,79849000.0,17614,74184000,4.756869423756386,19,0,34,53,0.3017392537282595,0.9479459036852353,0.5727239682631672,-0.6714278757975121,0.6015081122373713,0.2973787788910533,0.7316377691677488,-0.36366427243268096,고려
180,수영구,광안3동,10394,93353,43774000.0,17614,74184000,4.918327952734475,14,0,22,36,-0.5888138777468533,-0.5461674306751249,-0.26845725646762436,-0.6120002385335787,0.06586664245610589,0.2973787788910533,0.7316377691677488,-4.150486144982406,나쁨
181,수영구,광안4동,11238,118730,47328000.0,17614,74184000,2.677477305985509,7,1,29,37,-0.5010685073330085,-0.05847527820344965,-0.1855866238219353,-1.4367845360278317,0.09737496420794503,0.2973787788910533,0.7316377691677488,-4.23882439495757,나쁨
182,수영구,민락동,26891,120686,113250000.0,17614,74184000,6.966868098497586,24,0,26,50,1.1262754299749465,-0.020885104020741032,1.3515540191913216,0.14200081346124543,0.5069831469818539,0.2973787788910533,0.7316377691677488,2.131080569867967,좋음
183,사상구,삼락동,6278,267270,18996000.0,18174,54994000,5.170204009641955,9,0,15,24,-1.0167285040778788,2.7961486855488706,-0.8462199283007374,-0.5192928477248904,-0.3122332185659638,0.4043444526724959,-0.011353802933782103,-0.5982829359023412,고려
184,사상구,모라1동,28767,38032,87045000.0,18174,54994000,3.5168782606718665,11,2,38,51,1.321311348098611,-1.6093197956861798,0.7405171794388505,-1.1278283243626679,0.538491468733693,0.4043444526724959,-0.011353802933782103,0.13703704113820991,양호
185,사상구,모라3동,11524,163941,34870000.0,18174,54994000,10.571525769688725,1,0,14,15,-0.47133488655296146,0.8103843153417648,-0.47607687185232206,1.4687581541853971,-0.5958081143325161,0.4043444526724959,-0.011353802933782103,1.1307724029867146,양호
186,사상구,덕포1동,9229,86751,27926000.0,18174,54994000,4.7445820433436525,7,1,14,22,-0.7099315987564851,-0.6730438774819972,-0.637994056177495,-0.6759504611989374,-0.3752498620696421,0.4043444526724959,-0.011353802933782103,-3.3299691470532657,나쁨
187,사상구,덕포2동,13492,138609,40825000.0,18174,54994000,9.169137180918646,11,0,31,42,-0.2667343071993516,0.32355696749085744,-0.3372207611587153,0.9525844909915631,0.25491657296714076,0.4043444526724959,-0.011353802933782103,0.009871239909795215,양호
188,사상구,괘법동,21708,60550,65686000.0,18174,54994000,5.978281566560542,36,3,54,93,0.587431526118361,-1.1765715634539546,0.24247726872436748,-0.22186576079657805,1.861840982310937,0.4043444526724959,-0.011353802933782103,-1.6011713284899964,고려
189,사상구,감전동,14261,133695,43152000.0,18174,54994000,3.9966713064375887,12,1,51,64,-0.1867862149620925,0.22912030290300972,-0.2829607830589633,-0.9512320970466576,0.9480996515076019,0.4043444526724959,-0.011353802933782103,-2.323057940181923,나쁨
190,사상구,주례1동,16061,91295,48598000.0,18174,54994000,5.363789022989071,5,0,14,19,0.00034846127596530985,-0.5857178286649072,-0.1559733139007127,-0.4480404956457545,-0.4697748273251595,0.4043444526724959,-0.011353802933782103,-0.9857800132326725,고려
191,사상구,주례2동,23858,85837,72191000.0,18174,54994000,3.7846386083456136,19,1,31,51,0.810953500513819,-0.690609020223815,0.3941580411948817,-1.0292744423476794,0.538491468733693,0.4043444526724959,-0.011353802933782103,-0.24924522057861842,고려
192,사상구,주례3동,13794,159248,41739000.0,18174,54994000,4.319602377854805,6,0,15,21,-0.23533726707496636,0.7201948023359103,-0.3159085050421818,-0.8323716646192066,-0.4067581838214812,0.4043444526724959,-0.011353802933782103,-0.7627554446379836,고려
193,사상구,학장동,30105,114868,91094000.0,18174,54994000,3.9554139577451415,8,1,29,38,1.4604147907689007,-0.13269473254579153,0.8349300076837564,-0.966417586274663,0.12888328595978418,0.4043444526724959,-0.011353802933782103,2.4853235449351194,좋음
194,사상구,엄궁동,29017,106775,87802000.0,18174,54994000,4.6067857721442325,9,0,32,41,1.3473022753538968,-0.2882250391207715,0.7581685775572486,-0.7266687903760418,0.2234082512153016,0.4043444526724959,-0.011353802933782103,2.1828535321302294,좋음
195,기장군,기장읍,55567,109500,375230000.0,20400,137756000,6.401376077808084,44,6,59,109,4.10753874986525,-0.23585631486316364,7.460290187035334,-0.0661384213867637,2.365974130340363,0.8295330059537304,3.1929957796752277,9.97333663107294,좋음
196,기장군,장안읍,8965,183077,60538000.0,20400,137756000,5.541050644856872,11,1,20,32,-0.737378017938067,1.1781376758531719,0.12243843449251397,-0.3827962534750245,-0.060166644551250675,0.8295330059537304,3.1929957796752277,-5.982257225991611,나쁨
197,기장군,일광면,8668,146851,58533000.0,20400,137756000,4.782561544301052,6,0,10,16,-0.7682552395173465,0.48195073825460205,0.07568671292396963,-0.6619714411951826,-0.564299792580677,0.8295330059537304,3.1929957796752277,-6.675344241925463,나쁨
198,기장군,철마면,8400,145848,56723000.0,20400,137756000,3.704961950613449,3,2,9,14,-0.7961175135350129,0.46267520415171004,0.03348191689451064,-1.0586008306411852,-0.6273164360843552,0.8295330059537304,3.1929957796752277,-7.150074658344457,나쁨
